Date,Time,Activity,Facility
dinsdag 6 mei 2025,07:00 – 12:00,Banenzwemmen,1/2 Tobbe (horecazijde)
dinsdag 6 mei 2025,08:00 – 09:00,Warm water zwemmen,Trefkuil
dinsdag 6 mei 2025,09:30 – 10:15,Aquajoggen,Spaardersbad
dinsdag 6 mei 2025,10:45 – 11:30,Schoolzwemmen,Trefkuil
dinsdag 6 mei 2025,10:45 – 11:30,Schoolzwemmen,Spaardersbad
dinsdag 6 mei 2025,11:45 – 12:30,Watergymnastiek,Trefkuil
dinsdag 6 mei 2025,13:00 – 14:30,Recreatief zwemmen 55+,Trefkuil
dinsdag 6 mei 2025,13:00 – 14:30,Recreatief zwemmen 55+,Spaardersbad
dinsdag 6 mei 2025,15:00 – 18:15,Zwemles,Trefkuil
dinsdag 6 mei 2025,15:00 – 18:15,Zwemles,Spaardersbad
dinsdag 6 mei 2025,18:30 – 19:00,Baby- en peuterzwemmen 3 maanden tot 2 jaar,Trefkuil
dinsdag 6 mei 2025,18:30 – 21:30,Banenzwemmen,1/2 Tobbe (buitenbadzijde)
dinsdag 6 mei 2025,19:00 – 19:30,Baby- en peuterzwemmen 2 tot 4 jaar,Trefkuil
dinsdag 6 mei 2025,19:45 – 20:30,Aquajoggen,Trefkuil
woensdag 7 mei 2025,07:00 – 12:00,Banenzwemmen,1/2 Tobbe (horecazijde)
woensdag 7 mei 2025,09:00 – 12:00,Banenzwemmen,Buitenbad
woensdag 7 mei 2025,09:15 – 09:45,"Baby- en peuterzwemmen 3 maanden tot 1,5 jaar",Trefkuil
woensdag 7 mei 2025,09:45 – 10:15,"Baby- en peuterzwemmen 1,5 tot 3 jaar",Trefkuil
woensdag 7 mei 2025,10:00 – 10:45,Aquajoggen,Spaardersbad
woensdag 7 mei 2025,10:30 – 11:00,Baby- en peuterzwemmen 3 tot 4 jaar,Trefkuil
woensdag 7 mei 2025,11:15 – 12:00,Schoolzwemmen,Trefkuil
woensdag 7 mei 2025,11:15 – 12:00,Schoolzwemmen,Spaardersbad
woensdag 7 mei 2025,13:00 – 13:45,Zwemles,1/2 Tobbe (horecazijde)
woensdag 7 mei 2025,13:15 – 17:30,Zwemles,Trefkuil
woensdag 7 mei 2025,13:15 – 17:30,Zwemles,Spaardersbad
woensdag 7 mei 2025,20:00 – 21:30,Banenzwemmen,1/2 Tobbe (horecazijde)
donderdag 8 mei 2025,10:00 – 10:45,Aquajoggen,Spaardersbad
donderdag 8 mei 2025,11:15 – 12:00,Schoolzwemmen,Trefkuil
donderdag 8 mei 2025,11:15 – 12:00,Schoolzwemmen,Spaardersbad
donderdag 8 mei 2025,13:00 – 14:30,Recreatief zwemmen 55+,Trefkuil
donderdag 8 mei 2025,13:00 – 14:30,Recreatief zwemmen 55+,Spaardersbad
donderdag 8 mei 2025,15:30 – 18:00,Zwemles,Trefkuil
donderdag 8 mei 2025,15:30 – 18:00,Zwemles,Spaardersbad
donderdag 8 mei 2025,19:45 – 20:30,Aquajoggen,Spaardersbad
donderdag 8 mei 2025,20:15 – 21:00,Zwanger & Fit,Trefkuil
vrijdag 9 mei 2025,07:00 – 12:00,Banenzwemmen,1/2 Tobbe (horecazijde)
vrijdag 9 mei 2025,09:00 – 12:00,Banenzwemmen,Buitenbad
vrijdag 9 mei 2025,10:00 – 10:45,Zwemles ABC voor volwassenen,Spaardersbad
vrijdag 9 mei 2025,11:00 – 11:45,Watergymnastiek,Trefkuil
vrijdag 9 mei 2025,15:30 – 18:00,Zwemles,Trefkuil
vrijdag 9 mei 2025,15:30 – 18:00,Zwemles,Spaardersbad
zaterdag 10 mei 2025,08:00 – 08:45,Zwemles,1/2 Tobbe (buitenbadzijde)
zaterdag 10 mei 2025,09:00 – 11:30,Banenzwemmen,1/2 Tobbe (horecazijde)
zaterdag 10 mei 2025,09:00 – 11:30,Banenzwemmen,Buitenbad
zaterdag 10 mei 2025,12:30 – 15:00,Zwemles,Trefkuil
zaterdag 10 mei 2025,12:30 – 15:00,Zwemles,Spaardersbad
zondag 11 mei 2025,09:00 – 11:30,Banenzwemmen,1/2 Tobbe (horecazijde)
zondag 11 mei 2025,09:00 – 11:30,Banenzwemmen,Buitenbad
zondag 11 mei 2025,09:15 – 11:30,Zwemles 'Door ouder aan kind',Spaardersbad
zondag 11 mei 2025,09:15 – 11:30,Zwemles 'Door ouder aan kind',Trefkuil
zondag 11 mei 2025,12:00 – 14:00,Recreatief zwemmen,Trefkuil
zondag 11 mei 2025,12:00 – 14:00,Recreatief zwemmen,Spaardersbad
maandag 12 mei 2025,07:00 – 12:00,Banenzwemmen,1/2 Tobbe (horecazijde)
maandag 12 mei 2025,08:00 – 09:00,Warm water zwemmen,Trefkuil
maandag 12 mei 2025,09:00 – 12:00,Banenzwemmen,Buitenbad
maandag 12 mei 2025,09:15 – 09:45,"Baby- en peuterzwemmen 3 maanden tot 1,5 jaar",Trefkuil
maandag 12 mei 2025,09:45 – 10:15,"Baby- en peuterzwemmen 1,5 tot 3 jaar",Trefkuil
maandag 12 mei 2025,10:00 – 10:45,Aquajoggen,Spaardersbad
maandag 12 mei 2025,10:30 – 11:00,Baby- en peuterzwemmen 3 tot 4 jaar,Trefkuil
maandag 12 mei 2025,11:00 – 12:00,Zwemmen met een visuele beperking,1/2 Tobbe (horecazijde)
maandag 12 mei 2025,11:15 – 12:15,Warm water zwemmen,Trefkuil
maandag 12 mei 2025,13:00 – 13:45,Schoolzwemmen,Trefkuil
maandag 12 mei 2025,13:00 – 13:45,Schoolzwemmen,Spaardersbad
maandag 12 mei 2025,15:00 – 18:15,Zwemles,Trefkuil
maandag 12 mei 2025,15:00 – 18:15,Zwemles,Spaardersbad
maandag 12 mei 2025,18:30 – 22:00,Banenzwemmen,1/2 Tobbe (horecazijde)
maandag 12 mei 2025,19:20 – 20:05,Zwemles ABC voor volwassenen,Trefkuil
maandag 12 mei 2025,20:10 – 20:55,Zwemles ABC voor volwassenen,Trefkuil
maandag 12 mei 2025,21:00 – 22:00,Warm water zwemmen,Trefkuil
dinsdag 13 mei 2025,07:00 – 12:00,Banenzwemmen,1/2 Tobbe (horecazijde)
dinsdag 13 mei 2025,08:00 – 09:00,Warm water zwemmen,Trefkuil
dinsdag 13 mei 2025,09:30 – 10:15,Aquajoggen,Spaardersbad
dinsdag 13 mei 2025,10:45 – 11:30,Schoolzwemmen,Trefkuil
dinsdag 13 mei 2025,10:45 – 11:30,Schoolzwemmen,Spaardersbad
dinsdag 13 mei 2025,11:45 – 12:30,Watergymnastiek,Trefkuil
dinsdag 13 mei 2025,13:00 – 14:30,Recreatief zwemmen 55+,Trefkuil
dinsdag 13 mei 2025,13:00 – 14:30,Recreatief zwemmen 55+,Spaardersbad
dinsdag 13 mei 2025,15:00 – 18:15,Zwemles,Trefkuil
dinsdag 13 mei 2025,15:00 – 18:15,Zwemles,Spaardersbad
dinsdag 13 mei 2025,18:30 – 19:00,Baby- en peuterzwemmen 3 maanden tot 2 jaar,Trefkuil
dinsdag 13 mei 2025,18:30 – 21:30,Banenzwemmen,1/2 Tobbe (buitenbadzijde)
dinsdag 13 mei 2025,19:00 – 19:30,Baby- en peuterzwemmen 2 tot 4 jaar,Trefkuil
dinsdag 13 mei 2025,19:45 – 20:30,Aquajoggen,Trefkuil
woensdag 14 mei 2025,07:00 – 12:00,Banenzwemmen,1/2 Tobbe (horecazijde)
woensdag 14 mei 2025,09:00 – 12:00,Banenzwemmen,Buitenbad
woensdag 14 mei 2025,09:15 – 09:45,"Baby- en peuterzwemmen 3 maanden tot 1,5 jaar",Trefkuil
woensdag 14 mei 2025,09:45 – 10:15,"Baby- en peuterzwemmen 1,5 tot 3 jaar",Trefkuil
woensdag 14 mei 2025,10:00 – 10:45,Aquajoggen,Spaardersbad
woensdag 14 mei 2025,10:30 – 11:00,Baby- en peuterzwemmen 3 tot 4 jaar,Trefkuil
woensdag 14 mei 2025,11:15 – 12:00,Schoolzwemmen,Trefkuil
woensdag 14 mei 2025,11:15 – 12:00,Schoolzwemmen,Spaardersbad
woensdag 14 mei 2025,13:00 – 13:45,Zwemles,1/2 Tobbe (horecazijde)
woensdag 14 mei 2025,13:15 – 17:30,Zwemles,Trefkuil
woensdag 14 mei 2025,13:15 – 17:30,Zwemles,Spaardersbad
woensdag 14 mei 2025,20:00 – 21:30,Banenzwemmen,1/2 Tobbe (horecazijde)
donderdag 15 mei 2025,10:00 – 10:45,Aquajoggen,Spaardersbad
donderdag 15 mei 2025,11:15 – 12:00,Schoolzwemmen,Trefkuil
donderdag 15 mei 2025,11:15 – 12:00,Schoolzwemmen,Spaardersbad
donderdag 15 mei 2025,13:00 – 14:30,Recreatief zwemmen 55+,Trefkuil
donderdag 15 mei 2025,13:00 – 14:30,Recreatief zwemmen 55+,Spaardersbad
donderdag 15 mei 2025,15:30 – 18:00,Zwemles,Trefkuil
donderdag 15 mei 2025,15:30 – 18:00,Zwemles,Spaardersbad
donderdag 15 mei 2025,19:45 – 20:30,Aquajoggen,Spaardersbad
donderdag 15 mei 2025,20:15 – 21:00,Zwanger & Fit,Trefkuil
vrijdag 16 mei 2025,07:00 – 12:00,Banenzwemmen,1/2 Tobbe (horecazijde)
vrijdag 16 mei 2025,09:00 – 12:00,Banenzwemmen,Buitenbad
vrijdag 16 mei 2025,10:00 – 10:45,Zwemles ABC voor volwassenen,Spaardersbad
vrijdag 16 mei 2025,11:00 – 11:45,Watergymnastiek,Trefkuil
vrijdag 16 mei 2025,15:30 – 18:00,Zwemles,Trefkuil
vrijdag 16 mei 2025,15:30 – 18:00,Zwemles,Spaardersbad
zaterdag 17 mei 2025,08:00 – 08:45,Zwemles,1/2 Tobbe (buitenbadzijde)
zaterdag 17 mei 2025,09:00 – 11:30,Banenzwemmen,1/2 Tobbe (horecazijde)
zaterdag 17 mei 2025,09:00 – 11:30,Banenzwemmen,Buitenbad
zaterdag 17 mei 2025,10:30 – 12:00,Diplomazwemmen ABC,1/2 Tobbe (buitenbadzijde)
zaterdag 17 mei 2025,12:30 – 15:00,Zwemles,Trefkuil
zaterdag 17 mei 2025,12:30 – 15:00,Zwemles,Spaardersbad
zondag 18 mei 2025,09:00 – 11:30,Banenzwemmen,1/2 Tobbe (horecazijde)
zondag 18 mei 2025,09:00 – 11:30,Banenzwemmen,Buitenbad
zondag 18 mei 2025,09:15 – 11:30,Zwemles 'Door ouder aan kind',Spaardersbad
zondag 18 mei 2025,09:15 – 11:30,Zwemles 'Door ouder aan kind',Trefkuil
zondag 18 mei 2025,12:00 – 14:00,Recreatief zwemmen,Trefkuil
zondag 18 mei 2025,12:00 – 14:00,Recreatief zwemmen,Spaardersbad
maandag 19 mei 2025,07:00 – 12:00,Banenzwemmen,1/2 Tobbe (horecazijde)
maandag 19 mei 2025,08:00 – 09:00,Warm water zwemmen,Trefkuil
maandag 19 mei 2025,09:00 – 12:00,Banenzwemmen,Buitenbad
maandag 19 mei 2025,09:15 – 09:45,"Baby- en peuterzwemmen 3 maanden tot 1,5 jaar",Trefkuil
maandag 19 mei 2025,09:45 – 10:15,"Baby- en peuterzwemmen 1,5 tot 3 jaar",Trefkuil
maandag 19 mei 2025,10:00 – 10:45,Aquajoggen,Spaardersbad
maandag 19 mei 2025,10:30 – 11:00,Baby- en peuterzwemmen 3 tot 4 jaar,Trefkuil
maandag 19 mei 2025,11:00 – 12:00,Zwemmen met een visuele beperking,1/2 Tobbe (horecazijde)
maandag 19 mei 2025,11:15 – 12:15,Warm water zwemmen,Trefkuil
maandag 19 mei 2025,13:00 – 13:45,Schoolzwemmen,Trefkuil
maandag 19 mei 2025,13:00 – 13:45,Schoolzwemmen,Spaardersbad
maandag 19 mei 2025,15:00 – 18:15,Zwemles,Trefkuil
maandag 19 mei 2025,15:00 – 18:15,Zwemles,Spaardersbad
maandag 19 mei 2025,18:30 – 22:00,Banenzwemmen,1/2 Tobbe (horecazijde)
maandag 19 mei 2025,19:20 – 20:05,Zwemles ABC voor volwassenen,Trefkuil
maandag 19 mei 2025,20:10 – 20:55,Zwemles ABC voor volwassenen,Trefkuil
maandag 19 mei 2025,21:00 – 22:00,Warm water zwemmen,Trefkuil
dinsdag 20 mei 2025,07:00 – 12:00,Banenzwemmen,1/2 Tobbe (horecazijde)
dinsdag 20 mei 2025,08:00 – 09:00,Warm water zwemmen,Trefkuil
dinsdag 20 mei 2025,09:30 – 10:15,Aquajoggen,Spaardersbad
dinsdag 20 mei 2025,10:45 – 11:30,Schoolzwemmen,Trefkuil
dinsdag 20 mei 2025,10:45 – 11:30,Schoolzwemmen,Spaardersbad
dinsdag 20 mei 2025,11:45 – 12:30,Watergymnastiek,Trefkuil
dinsdag 20 mei 2025,13:00 – 14:30,Recreatief zwemmen 55+,Trefkuil
dinsdag 20 mei 2025,13:00 – 14:30,Recreatief zwemmen 55+,Spaardersbad
dinsdag 20 mei 2025,15:00 – 18:15,Zwemles,Trefkuil
dinsdag 20 mei 2025,15:00 – 18:15,Zwemles,Spaardersbad
dinsdag 20 mei 2025,18:30 – 19:00,Baby- en peuterzwemmen 3 maanden tot 2 jaar,Trefkuil
dinsdag 20 mei 2025,18:30 – 21:30,Banenzwemmen,1/2 Tobbe (buitenbadzijde)
dinsdag 20 mei 2025,19:00 – 19:30,Baby- en peuterzwemmen 2 tot 4 jaar,Trefkuil
dinsdag 20 mei 2025,19:45 – 20:30,Aquajoggen,Trefkuil
woensdag 21 mei 2025,07:00 – 12:00,Banenzwemmen,1/2 Tobbe (horecazijde)
woensdag 21 mei 2025,09:00 – 12:00,Banenzwemmen,Buitenbad
woensdag 21 mei 2025,09:15 – 09:45,"Baby- en peuterzwemmen 3 maanden tot 1,5 jaar",Trefkuil
woensdag 21 mei 2025,09:45 – 10:15,"Baby- en peuterzwemmen 1,5 tot 3 jaar",Trefkuil
woensdag 21 mei 2025,10:00 – 10:45,Aquajoggen,Spaardersbad
woensdag 21 mei 2025,10:30 – 11:00,Baby- en peuterzwemmen 3 tot 4 jaar,Trefkuil
woensdag 21 mei 2025,11:15 – 12:00,Schoolzwemmen,Trefkuil
woensdag 21 mei 2025,11:15 – 12:00,Schoolzwemmen,Spaardersbad
woensdag 21 mei 2025,13:00 – 13:45,Zwemles,1/2 Tobbe (horecazijde)
woensdag 21 mei 2025,13:15 – 17:30,Zwemles,Trefkuil
woensdag 21 mei 2025,13:15 – 17:30,Zwemles,Spaardersbad
woensdag 21 mei 2025,20:00 – 21:30,Banenzwemmen,1/2 Tobbe (horecazijde)
donderdag 22 mei 2025,10:00 – 10:45,Aquajoggen,Spaardersbad
donderdag 22 mei 2025,11:15 – 12:00,Schoolzwemmen,Trefkuil
donderdag 22 mei 2025,11:15 – 12:00,Schoolzwemmen,Spaardersbad
donderdag 22 mei 2025,13:00 – 14:30,Recreatief zwemmen 55+,Trefkuil
donderdag 22 mei 2025,13:00 – 14:30,Recreatief zwemmen 55+,Spaardersbad
donderdag 22 mei 2025,15:30 – 18:00,Zwemles,Trefkuil
donderdag 22 mei 2025,15:30 – 18:00,Zwemles,Spaardersbad
donderdag 22 mei 2025,19:45 – 20:30,Aquajoggen,Spaardersbad
donderdag 22 mei 2025,20:15 – 21:00,Zwanger & Fit,Trefkuil
vrijdag 23 mei 2025,07:00 – 12:00,Banenzwemmen,1/2 Tobbe (horecazijde)
vrijdag 23 mei 2025,09:00 – 12:00,Banenzwemmen,Buitenbad
vrijdag 23 mei 2025,10:00 – 10:45,Zwemles ABC voor volwassenen,Spaardersbad
vrijdag 23 mei 2025,11:00 – 11:45,Watergymnastiek,Trefkuil
vrijdag 23 mei 2025,15:30 – 18:00,Zwemles,Trefkuil
vrijdag 23 mei 2025,15:30 – 18:00,Zwemles,Spaardersbad
zaterdag 24 mei 2025,08:00 – 08:45,Zwemles,1/2 Tobbe (buitenbadzijde)
zaterdag 24 mei 2025,09:00 – 11:30,Banenzwemmen,1/2 Tobbe (horecazijde)
zaterdag 24 mei 2025,09:00 – 11:30,Banenzwemmen,Buitenbad
zaterdag 24 mei 2025,10:30 – 12:00,Diplomazwemmen ABC,1/2 Tobbe (buitenbadzijde)
zaterdag 24 mei 2025,12:30 – 15:00,Zwemles,Trefkuil
zaterdag 24 mei 2025,12:30 – 15:00,Zwemles,Spaardersbad
zondag 25 mei 2025,09:00 – 11:30,Banenzwemmen,1/2 Tobbe (horecazijde)
zondag 25 mei 2025,09:00 – 11:30,Banenzwemmen,Buitenbad
zondag 25 mei 2025,09:15 – 11:30,Zwemles 'Door ouder aan kind',Spaardersbad
zondag 25 mei 2025,09:15 – 11:30,Zwemles 'Door ouder aan kind',Trefkuil
zondag 25 mei 2025,12:00 – 14:00,Recreatief zwemmen,Trefkuil
zondag 25 mei 2025,12:00 – 14:00,Recreatief zwemmen,Spaardersbad
maandag 26 mei 2025,07:00 – 12:00,Banenzwemmen,1/2 Tobbe (horecazijde)
maandag 26 mei 2025,08:00 – 09:00,Warm water zwemmen,Trefkuil
maandag 26 mei 2025,09:00 – 12:00,Banenzwemmen,Buitenbad
maandag 26 mei 2025,09:15 – 09:45,"Baby- en peuterzwemmen 3 maanden tot 1,5 jaar",Trefkuil
maandag 26 mei 2025,09:45 – 10:15,"Baby- en peuterzwemmen 1,5 tot 3 jaar",Trefkuil
maandag 26 mei 2025,10:00 – 10:45,Aquajoggen,Spaardersbad
maandag 26 mei 2025,10:30 – 11:00,Baby- en peuterzwemmen 3 tot 4 jaar,Trefkuil
maandag 26 mei 2025,11:00 – 12:00,Zwemmen met een visuele beperking,1/2 Tobbe (horecazijde)
maandag 26 mei 2025,11:15 – 12:15,Warm water zwemmen,Trefkuil
maandag 26 mei 2025,13:00 – 13:45,Schoolzwemmen,Trefkuil
maandag 26 mei 2025,13:00 – 13:45,Schoolzwemmen,Spaardersbad
maandag 26 mei 2025,15:00 – 18:15,Zwemles,Trefkuil
maandag 26 mei 2025,15:00 – 18:15,Zwemles,Spaardersbad
maandag 26 mei 2025,18:30 – 22:00,Banenzwemmen,1/2 Tobbe (horecazijde)
maandag 26 mei 2025,19:20 – 20:05,Zwemles ABC voor volwassenen,Trefkuil
maandag 26 mei 2025,20:10 – 20:55,Zwemles ABC voor volwassenen,Trefkuil
maandag 26 mei 2025,21:00 – 22:00,Warm water zwemmen,Trefkuil
dinsdag 27 mei 2025,07:00 – 12:00,Banenzwemmen,1/2 Tobbe (horecazijde)
dinsdag 27 mei 2025,08:00 – 09:00,Warm water zwemmen,Trefkuil
dinsdag 27 mei 2025,09:30 – 10:15,Aquajoggen,Spaardersbad
dinsdag 27 mei 2025,10:45 – 11:30,Schoolzwemmen,Trefkuil
dinsdag 27 mei 2025,10:45 – 11:30,Schoolzwemmen,Spaardersbad
dinsdag 27 mei 2025,11:45 – 12:30,Watergymnastiek,Trefkuil
dinsdag 27 mei 2025,13:00 – 14:30,Recreatief zwemmen 55+,Trefkuil
dinsdag 27 mei 2025,13:00 – 14:30,Recreatief zwemmen 55+,Spaardersbad
dinsdag 27 mei 2025,15:00 – 18:15,Zwemles,Trefkuil
dinsdag 27 mei 2025,15:00 – 18:15,Zwemles,Spaardersbad
dinsdag 27 mei 2025,18:30 – 19:00,Baby- en peuterzwemmen 3 maanden tot 2 jaar,Trefkuil
dinsdag 27 mei 2025,18:30 – 21:30,Banenzwemmen,1/2 Tobbe (buitenbadzijde)
dinsdag 27 mei 2025,19:00 – 19:30,Baby- en peuterzwemmen 2 tot 4 jaar,Trefkuil
dinsdag 27 mei 2025,19:45 – 20:30,Aquajoggen,Trefkuil
woensdag 28 mei 2025,07:00 – 12:00,Banenzwemmen,1/2 Tobbe (horecazijde)
woensdag 28 mei 2025,09:00 – 12:00,Banenzwemmen,Buitenbad
woensdag 28 mei 2025,09:15 – 09:45,"Baby- en peuterzwemmen 3 maanden tot 1,5 jaar",Trefkuil
woensdag 28 mei 2025,09:45 – 10:15,"Baby- en peuterzwemmen 1,5 tot 3 jaar",Trefkuil
woensdag 28 mei 2025,10:00 – 10:45,Aquajoggen,Spaardersbad
woensdag 28 mei 2025,10:30 – 11:00,Baby- en peuterzwemmen 3 tot 4 jaar,Trefkuil
woensdag 28 mei 2025,13:00 – 13:45,Zwemles,1/2 Tobbe (horecazijde)
woensdag 28 mei 2025,13:15 – 17:30,Zwemles,Trefkuil
woensdag 28 mei 2025,13:15 – 17:30,Zwemles,Spaardersbad
woensdag 28 mei 2025,20:00 – 21:30,Banenzwemmen,1/2 Tobbe (horecazijde)
donderdag 29 mei 2025,09:00 – 12:00,Banenzwemmen,1/2 Tobbe (horecazijde)
donderdag 29 mei 2025,09:00 – 12:00,Banenzwemmen,1/2 Tobbe (buitenbadzijde)
vrijdag 30 mei 2025,07:00 – 12:00,Banenzwemmen,1/2 Tobbe (horecazijde)
vrijdag 30 mei 2025,09:00 – 12:00,Banenzwemmen,Buitenbad
vrijdag 30 mei 2025,10:00 – 10:45,Zwemles ABC voor volwassenen,Spaardersbad
vrijdag 30 mei 2025,11:00 – 11:45,Watergymnastiek,Trefkuil
vrijdag 30 mei 2025,15:30 – 18:00,Zwemles,Trefkuil
vrijdag 30 mei 2025,15:30 – 18:00,Zwemles,Spaardersbad
zaterdag 31 mei 2025,08:00 – 08:45,Zwemles,1/2 Tobbe (buitenbadzijde)
zaterdag 31 mei 2025,09:00 – 11:30,Banenzwemmen,1/2 Tobbe (horecazijde)
zaterdag 31 mei 2025,09:00 – 11:30,Banenzwemmen,Buitenbad
zaterdag 31 mei 2025,10:30 – 12:00,Diplomazwemmen ABC,1/2 Tobbe (buitenbadzijde)
zaterdag 31 mei 2025,12:30 – 15:00,Zwemles,Trefkuil
zaterdag 31 mei 2025,12:30 – 15:00,Zwemles,Spaardersbad
zondag 1 juni 2025,09:00 – 11:30,Banenzwemmen,1/2 Tobbe (horecazijde)
zondag 1 juni 2025,09:00 – 11:30,Banenzwemmen,Buitenbad
zondag 1 juni 2025,09:15 – 11:30,Zwemles 'Door ouder aan kind',Spaardersbad
zondag 1 juni 2025,09:15 – 11:30,Zwemles 'Door ouder aan kind',Trefkuil
zondag 1 juni 2025,12:00 – 14:00,Recreatief zwemmen,Trefkuil
zondag 1 juni 2025,12:00 – 14:00,Recreatief zwemmen,Spaardersbad
maandag 2 juni 2025,07:00 – 12:00,Banenzwemmen,1/2 Tobbe (horecazijde)
maandag 2 juni 2025,08:00 – 09:00,Warm water zwemmen,Trefkuil
maandag 2 juni 2025,09:00 – 12:00,Banenzwemmen,Buitenbad
maandag 2 juni 2025,09:15 – 09:45,"Baby- en peuterzwemmen 3 maanden tot 1,5 jaar",Trefkuil
maandag 2 juni 2025,09:45 – 10:15,"Baby- en peuterzwemmen 1,5 tot 3 jaar",Trefkuil
maandag 2 juni 2025,10:00 – 10:45,Aquajoggen,Spaardersbad
maandag 2 juni 2025,10:30 – 11:00,Baby- en peuterzwemmen 3 tot 4 jaar,Trefkuil
maandag 2 juni 2025,11:00 – 12:00,Zwemmen met een visuele beperking,1/2 Tobbe (horecazijde)
maandag 2 juni 2025,11:15 – 12:15,Warm water zwemmen,Trefkuil
maandag 2 juni 2025,13:00 – 13:45,Schoolzwemmen,Trefkuil
maandag 2 juni 2025,13:00 – 13:45,Schoolzwemmen,Spaardersbad
maandag 2 juni 2025,15:00 – 18:15,Zwemles,Trefkuil
maandag 2 juni 2025,15:00 – 18:15,Zwemles,Spaardersbad
maandag 2 juni 2025,18:30 – 22:00,Banenzwemmen,1/2 Tobbe (horecazijde)
maandag 2 juni 2025,19:20 – 20:05,Zwemles ABC voor volwassenen,Trefkuil
maandag 2 juni 2025,20:10 – 20:55,Zwemles ABC voor volwassenen,Trefkuil
maandag 2 juni 2025,21:00 – 22:00,Warm water zwemmen,Trefkuil
dinsdag 3 juni 2025,07:00 – 12:00,Banenzwemmen,1/2 Tobbe (horecazijde)
dinsdag 3 juni 2025,08:00 – 09:00,Warm water zwemmen,Trefkuil
dinsdag 3 juni 2025,09:30 – 10:15,Aquajoggen,Spaardersbad
dinsdag 3 juni 2025,10:45 – 11:30,Schoolzwemmen,Trefkuil
dinsdag 3 juni 2025,10:45 – 11:30,Schoolzwemmen,Spaardersbad
dinsdag 3 juni 2025,11:45 – 12:30,Watergymnastiek,Trefkuil
dinsdag 3 juni 2025,13:00 – 14:30,Recreatief zwemmen 55+,Trefkuil
dinsdag 3 juni 2025,13:00 – 14:30,Recreatief zwemmen 55+,Spaardersbad
dinsdag 3 juni 2025,15:00 – 18:15,Zwemles,Trefkuil
dinsdag 3 juni 2025,15:00 – 18:15,Zwemles,Spaardersbad
dinsdag 3 juni 2025,18:30 – 19:00,Baby- en peuterzwemmen 3 maanden tot 2 jaar,Trefkuil
dinsdag 3 juni 2025,18:30 – 21:30,Banenzwemmen,1/2 Tobbe (buitenbadzijde)
dinsdag 3 juni 2025,19:00 – 19:30,Baby- en peuterzwemmen 2 tot 4 jaar,Trefkuil
dinsdag 3 juni 2025,19:45 – 20:30,Aquajoggen,Trefkuil
woensdag 4 juni 2025,07:00 – 12:00,Banenzwemmen,1/2 Tobbe (horecazijde)
woensdag 4 juni 2025,09:00 – 12:00,Banenzwemmen,Buitenbad
woensdag 4 juni 2025,09:15 – 09:45,"Baby- en peuterzwemmen 3 maanden tot 1,5 jaar",Trefkuil
woensdag 4 juni 2025,09:45 – 10:15,"Baby- en peuterzwemmen 1,5 tot 3 jaar",Trefkuil
woensdag 4 juni 2025,10:00 – 10:45,Aquajoggen,Spaardersbad
woensdag 4 juni 2025,10:30 – 11:00,Baby- en peuterzwemmen 3 tot 4 jaar,Trefkuil
woensdag 4 juni 2025,11:15 – 12:00,Schoolzwemmen,Trefkuil
woensdag 4 juni 2025,11:15 – 12:00,Schoolzwemmen,Spaardersbad
woensdag 4 juni 2025,13:00 – 13:45,Zwemles,1/2 Tobbe (horecazijde)
woensdag 4 juni 2025,13:15 – 17:30,Zwemles,Trefkuil
woensdag 4 juni 2025,13:15 – 17:30,Zwemles,Spaardersbad
woensdag 4 juni 2025,20:00 – 21:30,Banenzwemmen,1/2 Tobbe (horecazijde)
donderdag 5 juni 2025,10:00 – 10:45,Aquajoggen,Spaardersbad
donderdag 5 juni 2025,11:15 – 12:00,Schoolzwemmen,Trefkuil
donderdag 5 juni 2025,11:15 – 12:00,Schoolzwemmen,Spaardersbad
donderdag 5 juni 2025,13:00 – 14:30,Recreatief zwemmen 55+,Trefkuil
donderdag 5 juni 2025,13:00 – 14:30,Recreatief zwemmen 55+,Spaardersbad
donderdag 5 juni 2025,15:30 – 18:00,Zwemles,Trefkuil
donderdag 5 juni 2025,15:30 – 18:00,Zwemles,Spaardersbad
donderdag 5 juni 2025,19:45 – 20:30,Aquajoggen,Spaardersbad
donderdag 5 juni 2025,20:15 – 21:00,Zwanger & Fit,Trefkuil
vrijdag 6 juni 2025,07:00 – 12:00,Banenzwemmen,1/2 Tobbe (horecazijde)
vrijdag 6 juni 2025,09:00 – 12:00,Banenzwemmen,Buitenbad
vrijdag 6 juni 2025,10:00 – 10:45,Zwemles ABC voor volwassenen,Spaardersbad
vrijdag 6 juni 2025,11:00 – 11:45,Watergymnastiek,Trefkuil
vrijdag 6 juni 2025,15:30 – 18:00,Zwemles,Trefkuil
vrijdag 6 juni 2025,15:30 – 18:00,Zwemles,Spaardersbad
zaterdag 7 juni 2025,08:00 – 08:45,Zwemles,1/2 Tobbe (buitenbadzijde)
zaterdag 7 juni 2025,09:00 – 11:30,Banenzwemmen,1/2 Tobbe (horecazijde)
zaterdag 7 juni 2025,09:00 – 11:30,Banenzwemmen,Buitenbad
zaterdag 7 juni 2025,12:30 – 15:00,Zwemles,Trefkuil
zaterdag 7 juni 2025,12:30 – 15:00,Zwemles,Spaardersbad
zondag 8 juni 2025,09:00 – 12:00,Banenzwemmen,1/2 Tobbe (buitenbadzijde)
maandag 9 juni 2025,09:00 – 12:00,Banenzwemmen,1/2 Tobbe (horecazijde)
maandag 9 juni 2025,09:00 – 12:00,Banenzwemmen,1/2 Tobbe (buitenbadzijde)
dinsdag 10 juni 2025,07:00 – 12:00,Banenzwemmen,1/2 Tobbe (horecazijde)
dinsdag 10 juni 2025,08:00 – 09:00,Warm water zwemmen,Trefkuil
dinsdag 10 juni 2025,09:30 – 10:15,Aquajoggen,Spaardersbad
dinsdag 10 juni 2025,10:45 – 11:30,Schoolzwemmen,Trefkuil
dinsdag 10 juni 2025,10:45 – 11:30,Schoolzwemmen,Spaardersbad
dinsdag 10 juni 2025,11:45 – 12:30,Watergymnastiek,Trefkuil
dinsdag 10 juni 2025,13:00 – 14:30,Recreatief zwemmen 55+,Trefkuil
dinsdag 10 juni 2025,13:00 – 14:30,Recreatief zwemmen 55+,Spaardersbad
dinsdag 10 juni 2025,15:00 – 18:15,Zwemles,Trefkuil
dinsdag 10 juni 2025,15:00 – 18:15,Zwemles,Spaardersbad
dinsdag 10 juni 2025,18:30 – 19:00,Baby- en peuterzwemmen 3 maanden tot 2 jaar,Trefkuil
dinsdag 10 juni 2025,18:30 – 21:30,Banenzwemmen,1/2 Tobbe (buitenbadzijde)
dinsdag 10 juni 2025,19:00 – 19:30,Baby- en peuterzwemmen 2 tot 4 jaar,Trefkuil
dinsdag 10 juni 2025,19:45 – 20:30,Aquajoggen,Trefkuil
woensdag 11 juni 2025,07:00 – 12:00,Banenzwemmen,1/2 Tobbe (horecazijde)
woensdag 11 juni 2025,09:00 – 12:00,Banenzwemmen,Buitenbad
woensdag 11 juni 2025,09:15 – 09:45,"Baby- en peuterzwemmen 3 maanden tot 1,5 jaar",Trefkuil
woensdag 11 juni 2025,09:45 – 10:15,"Baby- en peuterzwemmen 1,5 tot 3 jaar",Trefkuil
woensdag 11 juni 2025,10:00 – 10:45,Aquajoggen,Spaardersbad
woensdag 11 juni 2025,10:30 – 11:00,Baby- en peuterzwemmen 3 tot 4 jaar,Trefkuil
woensdag 11 juni 2025,11:15 – 12:00,Schoolzwemmen,Trefkuil
woensdag 11 juni 2025,11:15 – 12:00,Schoolzwemmen,Spaardersbad
woensdag 11 juni 2025,13:00 – 13:45,Zwemles,1/2 Tobbe (horecazijde)
woensdag 11 juni 2025,13:15 – 17:30,Zwemles,Trefkuil
woensdag 11 juni 2025,13:15 – 17:30,Zwemles,Spaardersbad
woensdag 11 juni 2025,20:00 – 21:30,Banenzwemmen,1/2 Tobbe (horecazijde)
donderdag 12 juni 2025,10:00 – 10:45,Aquajoggen,Spaardersbad
donderdag 12 juni 2025,11:15 – 12:00,Schoolzwemmen,Trefkuil
donderdag 12 juni 2025,11:15 – 12:00,Schoolzwemmen,Spaardersbad
donderdag 12 juni 2025,13:00 – 14:30,Recreatief zwemmen 55+,Trefkuil
donderdag 12 juni 2025,13:00 – 14:30,Recreatief zwemmen 55+,Spaardersbad
donderdag 12 juni 2025,15:30 – 18:00,Zwemles,Trefkuil
donderdag 12 juni 2025,15:30 – 18:00,Zwemles,Spaardersbad
donderdag 12 juni 2025,19:45 – 20:30,Aquajoggen,Spaardersbad
donderdag 12 juni 2025,20:15 – 21:00,Zwanger & Fit,Trefkuil
vrijdag 13 juni 2025,07:00 – 12:00,Banenzwemmen,1/2 Tobbe (horecazijde)
vrijdag 13 juni 2025,09:00 – 12:00,Banenzwemmen,Buitenbad
vrijdag 13 juni 2025,10:00 – 10:45,Zwemles ABC voor volwassenen,Spaardersbad
vrijdag 13 juni 2025,11:00 – 11:45,Watergymnastiek,Trefkuil
vrijdag 13 juni 2025,15:30 – 18:00,Zwemles,Trefkuil
vrijdag 13 juni 2025,15:30 – 18:00,Zwemles,Spaardersbad
zaterdag 14 juni 2025,08:00 – 08:45,Zwemles,1/2 Tobbe (buitenbadzijde)
zaterdag 14 juni 2025,09:00 – 11:30,Banenzwemmen,1/2 Tobbe (horecazijde)
zaterdag 14 juni 2025,09:00 – 11:30,Banenzwemmen,Buitenbad
zaterdag 14 juni 2025,12:30 – 15:00,Zwemles,Trefkuil
zaterdag 14 juni 2025,12:30 – 15:00,Zwemles,Spaardersbad
zondag 15 juni 2025,09:00 – 11:30,Banenzwemmen,1/2 Tobbe (horecazijde)
zondag 15 juni 2025,09:00 – 11:30,Banenzwemmen,Buitenbad
zondag 15 juni 2025,09:15 – 11:30,Zwemles 'Door ouder aan kind',Spaardersbad
zondag 15 juni 2025,09:15 – 11:30,Zwemles 'Door ouder aan kind',Trefkuil
zondag 15 juni 2025,12:00 – 14:00,Recreatief zwemmen,Trefkuil
zondag 15 juni 2025,12:00 – 14:00,Recreatief zwemmen,Spaardersbad
maandag 16 juni 2025,07:00 – 12:00,Banenzwemmen,1/2 Tobbe (horecazijde)
maandag 16 juni 2025,08:00 – 09:00,Warm water zwemmen,Trefkuil
maandag 16 juni 2025,09:00 – 12:00,Banenzwemmen,Buitenbad
maandag 16 juni 2025,09:15 – 09:45,"Baby- en peuterzwemmen 3 maanden tot 1,5 jaar",Trefkuil
maandag 16 juni 2025,09:45 – 10:15,"Baby- en peuterzwemmen 1,5 tot 3 jaar",Trefkuil
maandag 16 juni 2025,10:00 – 10:45,Aquajoggen,Spaardersbad
maandag 16 juni 2025,10:30 – 11:00,Baby- en peuterzwemmen 3 tot 4 jaar,Trefkuil
maandag 16 juni 2025,11:00 – 12:00,Zwemmen met een visuele beperking,1/2 Tobbe (horecazijde)
maandag 16 juni 2025,11:15 – 12:15,Warm water zwemmen,Trefkuil
maandag 16 juni 2025,13:00 – 13:45,Schoolzwemmen,Trefkuil
maandag 16 juni 2025,13:00 – 13:45,Schoolzwemmen,Spaardersbad
maandag 16 juni 2025,15:00 – 18:15,Zwemles,Trefkuil
maandag 16 juni 2025,15:00 – 18:15,Zwemles,Spaardersbad
maandag 16 juni 2025,18:30 – 22:00,Banenzwemmen,1/2 Tobbe (horecazijde)
maandag 16 juni 2025,19:20 – 20:05,Zwemles ABC voor volwassenen,Trefkuil
maandag 16 juni 2025,20:10 – 20:55,Zwemles ABC voor volwassenen,Trefkuil
maandag 16 juni 2025,21:00 – 22:00,Warm water zwemmen,Trefkuil
dinsdag 17 juni 2025,07:00 – 12:00,Banenzwemmen,1/2 Tobbe (horecazijde)
dinsdag 17 juni 2025,08:00 – 09:00,Warm water zwemmen,Trefkuil
dinsdag 17 juni 2025,09:30 – 10:15,Aquajoggen,Spaardersbad
dinsdag 17 juni 2025,10:45 – 11:30,Schoolzwemmen,Trefkuil
dinsdag 17 juni 2025,10:45 – 11:30,Schoolzwemmen,Spaardersbad
dinsdag 17 juni 2025,11:45 – 12:30,Watergymnastiek,Trefkuil
dinsdag 17 juni 2025,13:00 – 14:30,Recreatief zwemmen 55+,Trefkuil
dinsdag 17 juni 2025,13:00 – 14:30,Recreatief zwemmen 55+,Spaardersbad
dinsdag 17 juni 2025,15:00 – 18:15,Zwemles,Trefkuil
dinsdag 17 juni 2025,15:00 – 18:15,Zwemles,Spaardersbad
dinsdag 17 juni 2025,18:30 – 19:00,Baby- en peuterzwemmen 3 maanden tot 2 jaar,Trefkuil
dinsdag 17 juni 2025,18:30 – 21:30,Banenzwemmen,1/2 Tobbe (buitenbadzijde)
dinsdag 17 juni 2025,19:00 – 19:30,Baby- en peuterzwemmen 2 tot 4 jaar,Trefkuil
dinsdag 17 juni 2025,19:45 – 20:30,Aquajoggen,Trefkuil
woensdag 18 juni 2025,07:00 – 12:00,Banenzwemmen,1/2 Tobbe (horecazijde)
woensdag 18 juni 2025,09:00 – 12:00,Banenzwemmen,Buitenbad
woensdag 18 juni 2025,09:15 – 09:45,"Baby- en peuterzwemmen 3 maanden tot 1,5 jaar",Trefkuil
woensdag 18 juni 2025,09:45 – 10:15,"Baby- en peuterzwemmen 1,5 tot 3 jaar",Trefkuil
woensdag 18 juni 2025,10:00 – 10:45,Aquajoggen,Spaardersbad
woensdag 18 juni 2025,10:30 – 11:00,Baby- en peuterzwemmen 3 tot 4 jaar,Trefkuil
woensdag 18 juni 2025,11:15 – 12:00,Schoolzwemmen,Trefkuil
woensdag 18 juni 2025,11:15 – 12:00,Schoolzwemmen,Spaardersbad
woensdag 18 juni 2025,13:00 – 13:45,Zwemles,1/2 Tobbe (horecazijde)
woensdag 18 juni 2025,13:15 – 17:30,Zwemles,Trefkuil
woensdag 18 juni 2025,13:15 – 17:30,Zwemles,Spaardersbad
woensdag 18 juni 2025,20:00 – 21:30,Banenzwemmen,1/2 Tobbe (horecazijde)
donderdag 19 juni 2025,10:00 – 10:45,Aquajoggen,Spaardersbad
donderdag 19 juni 2025,11:15 – 12:00,Schoolzwemmen,Trefkuil
donderdag 19 juni 2025,11:15 – 12:00,Schoolzwemmen,Spaardersbad
donderdag 19 juni 2025,13:00 – 14:30,Recreatief zwemmen 55+,Trefkuil
donderdag 19 juni 2025,13:00 – 14:30,Recreatief zwemmen 55+,Spaardersbad
donderdag 19 juni 2025,15:30 – 18:00,Zwemles,Trefkuil
donderdag 19 juni 2025,15:30 – 18:00,Zwemles,Spaardersbad
donderdag 19 juni 2025,19:45 – 20:30,Aquajoggen,Spaardersbad
donderdag 19 juni 2025,20:15 – 21:00,Zwanger & Fit,Trefkuil
vrijdag 20 juni 2025,07:00 – 12:00,Banenzwemmen,1/2 Tobbe (horecazijde)
vrijdag 20 juni 2025,09:00 – 12:00,Banenzwemmen,Buitenbad
vrijdag 20 juni 2025,10:00 – 10:45,Zwemles ABC voor volwassenen,Spaardersbad
vrijdag 20 juni 2025,11:00 – 11:45,Watergymnastiek,Trefkuil
vrijdag 20 juni 2025,15:30 – 18:00,Zwemles,Trefkuil
vrijdag 20 juni 2025,15:30 – 18:00,Zwemles,Spaardersbad
zaterdag 21 juni 2025,08:00 – 08:45,Zwemles,1/2 Tobbe (buitenbadzijde)
zaterdag 21 juni 2025,09:00 – 11:30,Banenzwemmen,1/2 Tobbe (horecazijde)
zaterdag 21 juni 2025,09:00 – 11:30,Banenzwemmen,Buitenbad
zaterdag 21 juni 2025,10:30 – 12:00,Diplomazwemmen ABC,1/2 Tobbe (buitenbadzijde)
zaterdag 21 juni 2025,12:30 – 15:00,Zwemles,Trefkuil
zaterdag 21 juni 2025,12:30 – 15:00,Zwemles,Spaardersbad
zondag 22 juni 2025,09:00 – 11:30,Banenzwemmen,1/2 Tobbe (horecazijde)
zondag 22 juni 2025,09:00 – 11:30,Banenzwemmen,Buitenbad
zondag 22 juni 2025,09:15 – 11:30,Zwemles 'Door ouder aan kind',Spaardersbad
zondag 22 juni 2025,09:15 – 11:30,Zwemles 'Door ouder aan kind',Trefkuil
zondag 22 juni 2025,12:00 – 14:00,Recreatief zwemmen,Trefkuil
zondag 22 juni 2025,12:00 – 14:00,Recreatief zwemmen,Spaardersbad
maandag 23 juni 2025,07:00 – 12:00,Banenzwemmen,1/2 Tobbe (horecazijde)
maandag 23 juni 2025,08:00 – 09:00,Warm water zwemmen,Trefkuil
maandag 23 juni 2025,09:00 – 12:00,Banenzwemmen,Buitenbad
maandag 23 juni 2025,09:15 – 09:45,"Baby- en peuterzwemmen 3 maanden tot 1,5 jaar",Trefkuil
maandag 23 juni 2025,09:45 – 10:15,"Baby- en peuterzwemmen 1,5 tot 3 jaar",Trefkuil
maandag 23 juni 2025,10:00 – 10:45,Aquajoggen,Spaardersbad
maandag 23 juni 2025,10:30 – 11:00,Baby- en peuterzwemmen 3 tot 4 jaar,Trefkuil
maandag 23 juni 2025,11:00 – 12:00,Zwemmen met een visuele beperking,1/2 Tobbe (horecazijde)
maandag 23 juni 2025,11:15 – 12:15,Warm water zwemmen,Trefkuil
maandag 23 juni 2025,13:00 – 13:45,Schoolzwemmen,Trefkuil
maandag 23 juni 2025,13:00 – 13:45,Schoolzwemmen,Spaardersbad
maandag 23 juni 2025,15:00 – 18:15,Zwemles,Trefkuil
maandag 23 juni 2025,15:00 – 18:15,Zwemles,Spaardersbad
maandag 23 juni 2025,18:30 – 22:00,Banenzwemmen,1/2 Tobbe (horecazijde)
maandag 23 juni 2025,19:20 – 20:05,Zwemles ABC voor volwassenen,Trefkuil
maandag 23 juni 2025,20:10 – 20:55,Zwemles ABC voor volwassenen,Trefkuil
maandag 23 juni 2025,21:00 – 22:00,Warm water zwemmen,Trefkuil
dinsdag 24 juni 2025,07:00 – 12:00,Banenzwemmen,1/2 Tobbe (horecazijde)
dinsdag 24 juni 2025,08:00 – 09:00,Warm water zwemmen,Trefkuil
dinsdag 24 juni 2025,09:30 – 10:15,Aquajoggen,Spaardersbad
dinsdag 24 juni 2025,10:45 – 11:30,Schoolzwemmen,Trefkuil
dinsdag 24 juni 2025,10:45 – 11:30,Schoolzwemmen,Spaardersbad
dinsdag 24 juni 2025,11:45 – 12:30,Watergymnastiek,Trefkuil
dinsdag 24 juni 2025,13:00 – 14:30,Recreatief zwemmen 55+,Trefkuil
dinsdag 24 juni 2025,13:00 – 14:30,Recreatief zwemmen 55+,Spaardersbad
dinsdag 24 juni 2025,15:00 – 18:15,Zwemles,Trefkuil
dinsdag 24 juni 2025,15:00 – 18:15,Zwemles,Spaardersbad
dinsdag 24 juni 2025,18:30 – 19:00,Baby- en peuterzwemmen 3 maanden tot 2 jaar,Trefkuil
dinsdag 24 juni 2025,18:30 – 21:30,Banenzwemmen,1/2 Tobbe (buitenbadzijde)
dinsdag 24 juni 2025,19:00 – 19:30,Baby- en peuterzwemmen 2 tot 4 jaar,Trefkuil
dinsdag 24 juni 2025,19:45 – 20:30,Aquajoggen,Trefkuil
woensdag 25 juni 2025,07:00 – 12:00,Banenzwemmen,1/2 Tobbe (horecazijde)
woensdag 25 juni 2025,09:00 – 12:00,Banenzwemmen,Buitenbad
woensdag 25 juni 2025,09:15 – 09:45,"Baby- en peuterzwemmen 3 maanden tot 1,5 jaar",Trefkuil
woensdag 25 juni 2025,09:45 – 10:15,"Baby- en peuterzwemmen 1,5 tot 3 jaar",Trefkuil
woensdag 25 juni 2025,10:00 – 10:45,Aquajoggen,Spaardersbad
woensdag 25 juni 2025,10:30 – 11:00,Baby- en peuterzwemmen 3 tot 4 jaar,Trefkuil
woensdag 25 juni 2025,11:15 – 12:00,Schoolzwemmen,Trefkuil
woensdag 25 juni 2025,11:15 – 12:00,Schoolzwemmen,Spaardersbad
woensdag 25 juni 2025,13:00 – 13:45,Zwemles,1/2 Tobbe (horecazijde)
woensdag 25 juni 2025,13:15 – 17:30,Zwemles,Trefkuil
woensdag 25 juni 2025,13:15 – 17:30,Zwemles,Spaardersbad
woensdag 25 juni 2025,20:00 – 21:30,Banenzwemmen,1/2 Tobbe (horecazijde)
donderdag 26 juni 2025,10:00 – 10:45,Aquajoggen,Spaardersbad
donderdag 26 juni 2025,11:15 – 12:00,Schoolzwemmen,Trefkuil
donderdag 26 juni 2025,11:15 – 12:00,Schoolzwemmen,Spaardersbad
donderdag 26 juni 2025,13:00 – 14:30,Recreatief zwemmen 55+,Trefkuil
donderdag 26 juni 2025,13:00 – 14:30,Recreatief zwemmen 55+,Spaardersbad
donderdag 26 juni 2025,15:30 – 18:00,Zwemles,Trefkuil
donderdag 26 juni 2025,15:30 – 18:00,Zwemles,Spaardersbad
donderdag 26 juni 2025,19:45 – 20:30,Aquajoggen,Spaardersbad
donderdag 26 juni 2025,20:15 – 21:00,Zwanger & Fit,Trefkuil
vrijdag 27 juni 2025,07:00 – 12:00,Banenzwemmen,1/2 Tobbe (horecazijde)
vrijdag 27 juni 2025,09:00 – 12:00,Banenzwemmen,Buitenbad
vrijdag 27 juni 2025,10:00 – 10:45,Zwemles ABC voor volwassenen,Spaardersbad
vrijdag 27 juni 2025,11:00 – 11:45,Watergymnastiek,Trefkuil
vrijdag 27 juni 2025,15:30 – 18:00,Zwemles,Trefkuil
vrijdag 27 juni 2025,15:30 – 18:00,Zwemles,Spaardersbad
zaterdag 28 juni 2025,08:00 – 08:45,Zwemles,1/2 Tobbe (buitenbadzijde)
zaterdag 28 juni 2025,09:00 – 11:30,Banenzwemmen,1/2 Tobbe (horecazijde)
zaterdag 28 juni 2025,09:00 – 11:30,Banenzwemmen,Buitenbad
zaterdag 28 juni 2025,10:30 – 12:00,Diplomazwemmen ABC,1/2 Tobbe (buitenbadzijde)
zaterdag 28 juni 2025,12:30 – 15:00,Zwemles,Trefkuil
zaterdag 28 juni 2025,12:30 – 15:00,Zwemles,Spaardersbad
zondag 29 juni 2025,09:00 – 11:30,Banenzwemmen,1/2 Tobbe (horecazijde)
zondag 29 juni 2025,09:00 – 11:30,Banenzwemmen,Buitenbad
zondag 29 juni 2025,09:15 – 11:30,Zwemles 'Door ouder aan kind',Spaardersbad
zondag 29 juni 2025,09:15 – 11:30,Zwemles 'Door ouder aan kind',Trefkuil
zondag 29 juni 2025,12:00 – 14:00,Recreatief zwemmen,Trefkuil
zondag 29 juni 2025,12:00 – 14:00,Recreatief zwemmen,Spaardersbad
maandag 30 juni 2025,07:00 – 12:00,Banenzwemmen,1/2 Tobbe (horecazijde)
maandag 30 juni 2025,08:00 – 09:00,Warm water zwemmen,Trefkuil
maandag 30 juni 2025,09:00 – 12:00,Banenzwemmen,Buitenbad
maandag 30 juni 2025,09:15 – 09:45,"Baby- en peuterzwemmen 3 maanden tot 1,5 jaar",Trefkuil
maandag 30 juni 2025,09:45 – 10:15,"Baby- en peuterzwemmen 1,5 tot 3 jaar",Trefkuil
maandag 30 juni 2025,10:00 – 10:45,Aquajoggen,Spaardersbad
maandag 30 juni 2025,10:30 – 11:00,Baby- en peuterzwemmen 3 tot 4 jaar,Trefkuil
maandag 30 juni 2025,11:00 – 12:00,Zwemmen met een visuele beperking,1/2 Tobbe (horecazijde)
maandag 30 juni 2025,11:15 – 12:15,Warm water zwemmen,Trefkuil
maandag 30 juni 2025,13:00 – 13:45,Schoolzwemmen,Trefkuil
maandag 30 juni 2025,13:00 – 13:45,Schoolzwemmen,Spaardersbad
maandag 30 juni 2025,15:00 – 18:15,Zwemles,Trefkuil
maandag 30 juni 2025,15:00 – 18:15,Zwemles,Spaardersbad
maandag 30 juni 2025,18:30 – 22:00,Banenzwemmen,1/2 Tobbe (horecazijde)
maandag 30 juni 2025,19:20 – 20:05,Zwemles ABC voor volwassenen,Trefkuil
maandag 30 juni 2025,20:10 – 20:55,Zwemles ABC voor volwassenen,Trefkuil
maandag 30 juni 2025,21:00 – 22:00,Warm water zwemmen,Trefkuil
dinsdag 1 juli 2025,07:00 – 12:00,Banenzwemmen,1/2 Tobbe (horecazijde)
dinsdag 1 juli 2025,08:00 – 09:00,Warm water zwemmen,Trefkuil
dinsdag 1 juli 2025,09:30 – 10:15,Aquajoggen,Spaardersbad
dinsdag 1 juli 2025,10:45 – 11:30,Schoolzwemmen,Trefkuil
dinsdag 1 juli 2025,10:45 – 11:30,Schoolzwemmen,Spaardersbad
dinsdag 1 juli 2025,11:45 – 12:30,Watergymnastiek,Trefkuil
dinsdag 1 juli 2025,13:00 – 14:30,Recreatief zwemmen 55+,Trefkuil
dinsdag 1 juli 2025,13:00 – 14:30,Recreatief zwemmen 55+,Spaardersbad
dinsdag 1 juli 2025,15:00 – 18:15,Zwemles,Trefkuil
dinsdag 1 juli 2025,15:00 – 18:15,Zwemles,Spaardersbad
dinsdag 1 juli 2025,18:30 – 19:00,Baby- en peuterzwemmen 3 maanden tot 2 jaar,Trefkuil
dinsdag 1 juli 2025,18:30 – 21:30,Banenzwemmen,1/2 Tobbe (buitenbadzijde)
dinsdag 1 juli 2025,19:00 – 19:30,Baby- en peuterzwemmen 2 tot 4 jaar,Trefkuil
dinsdag 1 juli 2025,19:45 – 20:30,Aquajoggen,Trefkuil
woensdag 2 juli 2025,07:00 – 12:00,Banenzwemmen,1/2 Tobbe (horecazijde)
woensdag 2 juli 2025,09:00 – 12:00,Banenzwemmen,Buitenbad
woensdag 2 juli 2025,09:15 – 09:45,"Baby- en peuterzwemmen 3 maanden tot 1,5 jaar",Trefkuil
woensdag 2 juli 2025,09:45 – 10:15,"Baby- en peuterzwemmen 1,5 tot 3 jaar",Trefkuil
woensdag 2 juli 2025,10:00 – 10:45,Aquajoggen,Spaardersbad
woensdag 2 juli 2025,10:30 – 11:00,Baby- en peuterzwemmen 3 tot 4 jaar,Trefkuil
woensdag 2 juli 2025,13:00 – 13:45,Zwemles,1/2 Tobbe (horecazijde)
woensdag 2 juli 2025,13:15 – 17:30,Zwemles,Trefkuil
woensdag 2 juli 2025,13:15 – 17:30,Zwemles,Spaardersbad
woensdag 2 juli 2025,20:00 – 21:30,Banenzwemmen,1/2 Tobbe (horecazijde)
donderdag 3 juli 2025,10:00 – 10:45,Aquajoggen,Spaardersbad
donderdag 3 juli 2025,11:15 – 12:00,Schoolzwemmen,Trefkuil
donderdag 3 juli 2025,11:15 – 12:00,Schoolzwemmen,Spaardersbad
donderdag 3 juli 2025,13:00 – 14:30,Recreatief zwemmen 55+,Trefkuil
donderdag 3 juli 2025,13:00 – 14:30,Recreatief zwemmen 55+,Spaardersbad
donderdag 3 juli 2025,15:30 – 18:00,Zwemles,Trefkuil
donderdag 3 juli 2025,15:30 – 18:00,Zwemles,Spaardersbad
donderdag 3 juli 2025,19:45 – 20:30,Aquajoggen,Spaardersbad
donderdag 3 juli 2025,20:15 – 21:00,Zwanger & Fit,Trefkuil
vrijdag 4 juli 2025,07:00 – 12:00,Banenzwemmen,1/2 Tobbe (horecazijde)
vrijdag 4 juli 2025,09:00 – 12:00,Banenzwemmen,Buitenbad
vrijdag 4 juli 2025,10:00 – 10:45,Zwemles ABC voor volwassenen,Spaardersbad
vrijdag 4 juli 2025,11:00 – 11:45,Watergymnastiek,Trefkuil
vrijdag 4 juli 2025,15:30 – 18:00,Zwemles,Trefkuil
vrijdag 4 juli 2025,15:30 – 18:00,Zwemles,Spaardersbad
zaterdag 5 juli 2025,08:00 – 08:45,Zwemles,1/2 Tobbe (buitenbadzijde)
zaterdag 5 juli 2025,09:00 – 11:30,Banenzwemmen,1/2 Tobbe (horecazijde)
zaterdag 5 juli 2025,09:00 – 11:30,Banenzwemmen,Buitenbad
zaterdag 5 juli 2025,10:30 – 12:00,Diplomazwemmen ABC,1/2 Tobbe (buitenbadzijde)
zaterdag 5 juli 2025,12:30 – 15:00,Zwemles,Trefkuil
zaterdag 5 juli 2025,12:30 – 15:00,Zwemles,Spaardersbad
zondag 6 juli 2025,09:00 – 11:30,Banenzwemmen,1/2 Tobbe (horecazijde)
zondag 6 juli 2025,09:00 – 11:30,Banenzwemmen,Buitenbad
zondag 6 juli 2025,09:15 – 11:30,Zwemles 'Door ouder aan kind',Spaardersbad
zondag 6 juli 2025,09:15 – 11:30,Zwemles 'Door ouder aan kind',Trefkuil
zondag 6 juli 2025,12:00 – 14:00,Recreatief zwemmen,Trefkuil
zondag 6 juli 2025,12:00 – 14:00,Recreatief zwemmen,Spaardersbad
maandag 7 juli 2025,07:00 – 12:00,Banenzwemmen,1/2 Tobbe (horecazijde)
maandag 7 juli 2025,08:00 – 09:00,Warm water zwemmen,Trefkuil
maandag 7 juli 2025,09:00 – 12:00,Banenzwemmen,Buitenbad
maandag 7 juli 2025,09:15 – 09:45,"Baby- en peuterzwemmen 3 maanden tot 1,5 jaar",Trefkuil
maandag 7 juli 2025,09:45 – 10:15,"Baby- en peuterzwemmen 1,5 tot 3 jaar",Trefkuil
maandag 7 juli 2025,10:00 – 10:45,Aquajoggen,Spaardersbad
maandag 7 juli 2025,10:30 – 11:00,Baby- en peuterzwemmen 3 tot 4 jaar,Trefkuil
maandag 7 juli 2025,11:00 – 12:00,Zwemmen met een visuele beperking,1/2 Tobbe (horecazijde)
maandag 7 juli 2025,11:15 – 12:15,Warm water zwemmen,Trefkuil
maandag 7 juli 2025,13:00 – 13:45,Schoolzwemmen,Trefkuil
maandag 7 juli 2025,13:00 – 13:45,Schoolzwemmen,Spaardersbad
maandag 7 juli 2025,15:00 – 18:15,Zwemles,Trefkuil
maandag 7 juli 2025,15:00 – 18:15,Zwemles,Spaardersbad
maandag 7 juli 2025,18:30 – 22:00,Banenzwemmen,1/2 Tobbe (horecazijde)
maandag 7 juli 2025,19:20 – 20:05,Zwemles ABC voor volwassenen,Trefkuil
maandag 7 juli 2025,20:10 – 20:55,Zwemles ABC voor volwassenen,Trefkuil
maandag 7 juli 2025,21:00 – 22:00,Warm water zwemmen,Trefkuil
dinsdag 8 juli 2025,07:00 – 12:00,Banenzwemmen,1/2 Tobbe (horecazijde)
dinsdag 8 juli 2025,08:00 – 09:00,Warm water zwemmen,Trefkuil
dinsdag 8 juli 2025,09:30 – 10:15,Aquajoggen,Spaardersbad
dinsdag 8 juli 2025,10:45 – 11:30,Schoolzwemmen,Trefkuil
dinsdag 8 juli 2025,10:45 – 11:30,Schoolzwemmen,Spaardersbad
dinsdag 8 juli 2025,11:45 – 12:30,Watergymnastiek,Trefkuil
dinsdag 8 juli 2025,13:00 – 14:30,Recreatief zwemmen 55+,Trefkuil
dinsdag 8 juli 2025,13:00 – 14:30,Recreatief zwemmen 55+,Spaardersbad
dinsdag 8 juli 2025,15:00 – 18:15,Zwemles,Trefkuil
dinsdag 8 juli 2025,15:00 – 18:15,Zwemles,Spaardersbad
dinsdag 8 juli 2025,18:30 – 19:00,Baby- en peuterzwemmen 3 maanden tot 2 jaar,Trefkuil
dinsdag 8 juli 2025,18:30 – 21:30,Banenzwemmen,1/2 Tobbe (buitenbadzijde)
dinsdag 8 juli 2025,19:00 – 19:30,Baby- en peuterzwemmen 2 tot 4 jaar,Trefkuil
dinsdag 8 juli 2025,19:45 – 20:30,Aquajoggen,Trefkuil
woensdag 9 juli 2025,07:00 – 12:00,Banenzwemmen,1/2 Tobbe (horecazijde)
woensdag 9 juli 2025,09:00 – 12:00,Banenzwemmen,Buitenbad
woensdag 9 juli 2025,09:15 – 09:45,"Baby- en peuterzwemmen 3 maanden tot 1,5 jaar",Trefkuil
woensdag 9 juli 2025,09:45 – 10:15,"Baby- en peuterzwemmen 1,5 tot 3 jaar",Trefkuil
woensdag 9 juli 2025,10:00 – 10:45,Aquajoggen,Spaardersbad
woensdag 9 juli 2025,10:30 – 11:00,Baby- en peuterzwemmen 3 tot 4 jaar,Trefkuil
woensdag 9 juli 2025,11:15 – 12:00,Schoolzwemmen,Trefkuil
woensdag 9 juli 2025,11:15 – 12:00,Schoolzwemmen,Spaardersbad
woensdag 9 juli 2025,13:00 – 13:45,Zwemles,1/2 Tobbe (horecazijde)
woensdag 9 juli 2025,13:15 – 17:30,Zwemles,Trefkuil
woensdag 9 juli 2025,13:15 – 17:30,Zwemles,Spaardersbad
woensdag 9 juli 2025,20:00 – 21:30,Banenzwemmen,1/2 Tobbe (horecazijde)
donderdag 10 juli 2025,10:00 – 10:45,Aquajoggen,Spaardersbad
donderdag 10 juli 2025,11:15 – 12:00,Schoolzwemmen,Trefkuil
donderdag 10 juli 2025,11:15 – 12:00,Schoolzwemmen,Spaardersbad
donderdag 10 juli 2025,13:00 – 14:30,Recreatief zwemmen 55+,Trefkuil
donderdag 10 juli 2025,13:00 – 14:30,Recreatief zwemmen 55+,Spaardersbad
vrijdag 11 juli 2025,07:00 – 12:00,Banenzwemmen,1/2 Tobbe (horecazijde)
vrijdag 11 juli 2025,09:00 – 12:00,Banenzwemmen,Buitenbad
vrijdag 11 juli 2025,10:00 – 10:45,Zwemles ABC voor volwassenen,Spaardersbad
vrijdag 11 juli 2025,11:00 – 11:45,Watergymnastiek,Trefkuil
vrijdag 11 juli 2025,15:30 – 18:00,Zwemles,Trefkuil
vrijdag 11 juli 2025,15:30 – 18:00,Zwemles,Spaardersbad
zaterdag 12 juli 2025,08:00 – 08:45,Zwemles,1/2 Tobbe (buitenbadzijde)
zaterdag 12 juli 2025,09:00 – 11:30,Banenzwemmen,Buitenbad
zaterdag 12 juli 2025,09:00 – 11:30,Banenzwemmen,1/2 Tobbe (horecazijde)
zaterdag 12 juli 2025,12:30 – 15:00,Zwemles,Trefkuil
zaterdag 12 juli 2025,12:30 – 15:00,Zwemles,Spaardersbad
zondag 13 juli 2025,09:00 – 11:30,Banenzwemmen,Buitenbad
zondag 13 juli 2025,09:00 – 11:30,Banenzwemmen,1/2 Tobbe (horecazijde)
zondag 13 juli 2025,09:15 – 11:30,Zwemles 'Door ouder aan kind',Spaardersbad
zondag 13 juli 2025,09:15 – 11:30,Zwemles 'Door ouder aan kind',Trefkuil
zondag 13 juli 2025,12:00 – 14:00,Recreatief zwemmen,Trefkuil
zondag 13 juli 2025,12:00 – 14:00,Recreatief zwemmen,Spaardersbad
maandag 14 juli 2025,07:00 – 12:00,Banenzwemmen,1/2 Tobbe (horecazijde)
maandag 14 juli 2025,08:00 – 09:00,Warm water zwemmen,Trefkuil
maandag 14 juli 2025,09:00 – 12:00,Banenzwemmen,Buitenbad
maandag 14 juli 2025,09:15 – 09:45,"Baby- en peuterzwemmen 3 maanden tot 1,5 jaar",Trefkuil
maandag 14 juli 2025,09:45 – 10:15,"Baby- en peuterzwemmen 1,5 tot 3 jaar",Trefkuil
maandag 14 juli 2025,10:00 – 10:45,Aquajoggen,Spaardersbad
maandag 14 juli 2025,10:30 – 11:00,Baby- en peuterzwemmen 3 tot 4 jaar,Trefkuil
maandag 14 juli 2025,11:00 – 12:00,Zwemmen met een visuele beperking,1/2 Tobbe (horecazijde)
maandag 14 juli 2025,11:15 – 12:15,Warm water zwemmen,Trefkuil
maandag 14 juli 2025,13:00 – 13:45,Schoolzwemmen,Trefkuil
maandag 14 juli 2025,13:00 – 13:45,Schoolzwemmen,Spaardersbad
maandag 14 juli 2025,15:00 – 18:15,Zwemles,Trefkuil
maandag 14 juli 2025,15:00 – 18:15,Zwemles,Spaardersbad
maandag 14 juli 2025,18:30 – 22:00,Banenzwemmen,1/2 Tobbe (horecazijde)
maandag 14 juli 2025,19:20 – 20:05,Zwemles ABC voor volwassenen,Trefkuil
maandag 14 juli 2025,20:10 – 20:55,Zwemles ABC voor volwassenen,Trefkuil
maandag 14 juli 2025,21:00 – 22:00,Warm water zwemmen,Trefkuil
dinsdag 15 juli 2025,07:00 – 12:00,Banenzwemmen,1/2 Tobbe (horecazijde)
dinsdag 15 juli 2025,08:00 – 09:00,Warm water zwemmen,Trefkuil
dinsdag 15 juli 2025,09:30 – 10:15,Aquajoggen,Spaardersbad
dinsdag 15 juli 2025,10:45 – 11:30,Schoolzwemmen,Trefkuil
dinsdag 15 juli 2025,10:45 – 11:30,Schoolzwemmen,Spaardersbad
dinsdag 15 juli 2025,11:45 – 12:30,Watergymnastiek,Trefkuil
dinsdag 15 juli 2025,13:00 – 14:30,Recreatief zwemmen 55+,Trefkuil
dinsdag 15 juli 2025,13:00 – 14:30,Recreatief zwemmen 55+,Spaardersbad
dinsdag 15 juli 2025,15:00 – 18:15,Zwemles,Trefkuil
dinsdag 15 juli 2025,15:00 – 18:15,Zwemles,Spaardersbad
dinsdag 15 juli 2025,18:30 – 19:00,Baby- en peuterzwemmen 3 maanden tot 2 jaar,Trefkuil
dinsdag 15 juli 2025,18:30 – 21:30,Banenzwemmen,1/2 Tobbe (buitenbadzijde)
dinsdag 15 juli 2025,19:00 – 19:30,Baby- en peuterzwemmen 2 tot 4 jaar,Trefkuil
dinsdag 15 juli 2025,19:45 – 20:30,Aquajoggen,Trefkuil
woensdag 16 juli 2025,07:00 – 12:00,Banenzwemmen,1/2 Tobbe (horecazijde)
woensdag 16 juli 2025,09:00 – 12:00,Banenzwemmen,Buitenbad
woensdag 16 juli 2025,09:15 – 09:45,"Baby- en peuterzwemmen 3 maanden tot 1,5 jaar",Trefkuil
woensdag 16 juli 2025,09:45 – 10:15,"Baby- en peuterzwemmen 1,5 tot 3 jaar",Trefkuil
woensdag 16 juli 2025,10:00 – 10:45,Aquajoggen,Spaardersbad
woensdag 16 juli 2025,10:30 – 11:00,Baby- en peuterzwemmen 3 tot 4 jaar,Trefkuil
woensdag 16 juli 2025,11:15 – 12:00,Schoolzwemmen,Trefkuil
woensdag 16 juli 2025,11:15 – 12:00,Schoolzwemmen,Spaardersbad
woensdag 16 juli 2025,13:00 – 13:45,Zwemles,1/2 Tobbe (horecazijde)
woensdag 16 juli 2025,13:15 – 17:30,Zwemles,Trefkuil
woensdag 16 juli 2025,13:15 – 17:30,Zwemles,Spaardersbad
woensdag 16 juli 2025,20:00 – 21:30,Banenzwemmen,1/2 Tobbe (horecazijde)
donderdag 17 juli 2025,10:00 – 10:45,Aquajoggen,Spaardersbad
donderdag 17 juli 2025,11:15 – 12:00,Schoolzwemmen,Trefkuil
donderdag 17 juli 2025,11:15 – 12:00,Schoolzwemmen,Spaardersbad
donderdag 17 juli 2025,13:00 – 14:30,Recreatief zwemmen 55+,Trefkuil
donderdag 17 juli 2025,13:00 – 14:30,Recreatief zwemmen 55+,Spaardersbad
donderdag 17 juli 2025,15:30 – 18:00,Zwemles,Trefkuil
donderdag 17 juli 2025,15:30 – 18:00,Zwemles,Spaardersbad
donderdag 17 juli 2025,19:45 – 20:30,Aquajoggen,Spaardersbad
donderdag 17 juli 2025,20:15 – 21:00,Zwanger & Fit,Trefkuil
vrijdag 18 juli 2025,07:00 – 12:00,Banenzwemmen,1/2 Tobbe (horecazijde)
vrijdag 18 juli 2025,09:00 – 12:00,Banenzwemmen,Buitenbad
vrijdag 18 juli 2025,10:00 – 10:45,Zwemles ABC voor volwassenen,Spaardersbad
vrijdag 18 juli 2025,11:00 – 11:45,Watergymnastiek,Trefkuil
vrijdag 18 juli 2025,15:30 – 18:00,Zwemles,Trefkuil
vrijdag 18 juli 2025,15:30 – 18:00,Zwemles,Spaardersbad
zaterdag 19 juli 2025,08:00 – 08:45,Zwemles,1/2 Tobbe (buitenbadzijde)
zaterdag 19 juli 2025,09:00 – 11:30,Banenzwemmen,Buitenbad
zaterdag 19 juli 2025,09:00 – 11:30,Banenzwemmen,1/2 Tobbe (horecazijde)
zaterdag 19 juli 2025,12:30 – 15:00,Zwemles,Trefkuil
zaterdag 19 juli 2025,12:30 – 15:00,Zwemles,Spaardersbad
zondag 20 juli 2025,09:00 – 11:30,Banenzwemmen,Buitenbad
zondag 20 juli 2025,09:00 – 11:30,Banenzwemmen,1/2 Tobbe (horecazijde)
zondag 20 juli 2025,09:15 – 11:30,Zwemles 'Door ouder aan kind',Spaardersbad
zondag 20 juli 2025,09:15 – 11:30,Zwemles 'Door ouder aan kind',Trefkuil
zondag 20 juli 2025,12:00 – 14:00,Recreatief zwemmen,Trefkuil
zondag 20 juli 2025,12:00 – 14:00,Recreatief zwemmen,Spaardersbad
maandag 21 juli 2025,07:00 – 12:00,Banenzwemmen,1/2 Tobbe (horecazijde)
maandag 21 juli 2025,08:00 – 09:00,Warm water zwemmen,Trefkuil
maandag 21 juli 2025,09:00 – 12:00,Banenzwemmen,Buitenbad
maandag 21 juli 2025,09:15 – 09:45,"Baby- en peuterzwemmen 3 maanden tot 1,5 jaar",Trefkuil
maandag 21 juli 2025,09:45 – 10:15,"Baby- en peuterzwemmen 1,5 tot 3 jaar",Trefkuil
maandag 21 juli 2025,10:00 – 10:45,Aquajoggen,Spaardersbad
maandag 21 juli 2025,10:30 – 11:00,Baby- en peuterzwemmen 3 tot 4 jaar,Trefkuil
maandag 21 juli 2025,11:00 – 12:00,Zwemmen met een visuele beperking,1/2 Tobbe (horecazijde)
maandag 21 juli 2025,11:15 – 12:15,Warm water zwemmen,Trefkuil
maandag 21 juli 2025,18:30 – 22:00,Banenzwemmen,1/2 Tobbe (horecazijde)
maandag 21 juli 2025,21:00 – 22:00,Warm water zwemmen,Trefkuil
dinsdag 22 juli 2025,07:00 – 12:00,Banenzwemmen,1/2 Tobbe (horecazijde)
dinsdag 22 juli 2025,08:00 – 09:00,Warm water zwemmen,Trefkuil
dinsdag 22 juli 2025,09:30 – 10:15,Aquajoggen,Spaardersbad
dinsdag 22 juli 2025,11:45 – 12:30,Watergymnastiek,Trefkuil
dinsdag 22 juli 2025,13:00 – 14:30,Recreatief zwemmen 55+,Trefkuil
dinsdag 22 juli 2025,13:00 – 14:30,Recreatief zwemmen 55+,Spaardersbad
dinsdag 22 juli 2025,18:30 – 19:00,Baby- en peuterzwemmen 3 maanden tot 2 jaar,Trefkuil
dinsdag 22 juli 2025,18:30 – 21:30,Banenzwemmen,1/2 Tobbe (buitenbadzijde)
dinsdag 22 juli 2025,19:00 – 19:30,Baby- en peuterzwemmen 2 tot 4 jaar,Trefkuil
dinsdag 22 juli 2025,19:45 – 20:30,Aquajoggen,Trefkuil
woensdag 23 juli 2025,07:00 – 12:00,Banenzwemmen,1/2 Tobbe (horecazijde)
woensdag 23 juli 2025,09:00 – 12:00,Banenzwemmen,Buitenbad
woensdag 23 juli 2025,09:15 – 09:45,"Baby- en peuterzwemmen 3 maanden tot 1,5 jaar",Trefkuil
woensdag 23 juli 2025,09:45 – 10:15,"Baby- en peuterzwemmen 1,5 tot 3 jaar",Trefkuil
woensdag 23 juli 2025,10:00 – 10:45,Aquajoggen,Spaardersbad
woensdag 23 juli 2025,10:30 – 11:00,Baby- en peuterzwemmen 3 tot 4 jaar,Trefkuil
woensdag 23 juli 2025,20:00 – 21:30,Banenzwemmen,1/2 Tobbe (horecazijde)
donderdag 24 juli 2025,10:00 – 10:45,Aquajoggen,Spaardersbad
donderdag 24 juli 2025,13:00 – 14:30,Recreatief zwemmen 55+,Trefkuil
donderdag 24 juli 2025,13:00 – 14:30,Recreatief zwemmen 55+,Spaardersbad
donderdag 24 juli 2025,19:45 – 20:30,Aquajoggen,Spaardersbad
donderdag 24 juli 2025,20:15 – 21:00,Zwanger & Fit,Trefkuil
vrijdag 25 juli 2025,07:00 – 12:00,Banenzwemmen,1/2 Tobbe (horecazijde)
vrijdag 25 juli 2025,09:00 – 12:00,Banenzwemmen,Buitenbad
vrijdag 25 juli 2025,11:00 – 11:45,Watergymnastiek,Trefkuil
zaterdag 26 juli 2025,09:00 – 11:30,Banenzwemmen,Buitenbad
zaterdag 26 juli 2025,09:00 – 11:30,Banenzwemmen,1/2 Tobbe (horecazijde)
zondag 27 juli 2025,09:00 – 11:30,Banenzwemmen,Buitenbad
zondag 27 juli 2025,09:00 – 11:30,Banenzwemmen,1/2 Tobbe (horecazijde)
zondag 27 juli 2025,09:15 – 11:30,Zwemles 'Door ouder aan kind',Spaardersbad
zondag 27 juli 2025,09:15 – 11:30,Zwemles 'Door ouder aan kind',Trefkuil
zondag 27 juli 2025,12:00 – 14:00,Recreatief zwemmen,Trefkuil
zondag 27 juli 2025,12:00 – 14:00,Recreatief zwemmen,Spaardersbad
maandag 28 juli 2025,07:00 – 12:00,Banenzwemmen,1/2 Tobbe (horecazijde)
maandag 28 juli 2025,08:00 – 09:00,Warm water zwemmen,Trefkuil
maandag 28 juli 2025,09:00 – 12:00,Banenzwemmen,Buitenbad
maandag 28 juli 2025,09:15 – 09:45,"Baby- en peuterzwemmen 3 maanden tot 1,5 jaar",Trefkuil
maandag 28 juli 2025,09:45 – 10:15,"Baby- en peuterzwemmen 1,5 tot 3 jaar",Trefkuil
maandag 28 juli 2025,10:00 – 10:45,Aquajoggen,Spaardersbad
maandag 28 juli 2025,10:30 – 11:00,Baby- en peuterzwemmen 3 tot 4 jaar,Trefkuil
maandag 28 juli 2025,11:00 – 12:00,Zwemmen met een visuele beperking,1/2 Tobbe (horecazijde)
maandag 28 juli 2025,11:15 – 12:15,Warm water zwemmen,Trefkuil
maandag 28 juli 2025,18:30 – 22:00,Banenzwemmen,1/2 Tobbe (horecazijde)
maandag 28 juli 2025,21:00 – 22:00,Warm water zwemmen,Trefkuil
dinsdag 29 juli 2025,07:00 – 12:00,Banenzwemmen,1/2 Tobbe (horecazijde)
dinsdag 29 juli 2025,08:00 – 09:00,Warm water zwemmen,Trefkuil
dinsdag 29 juli 2025,09:30 – 10:15,Aquajoggen,Spaardersbad
dinsdag 29 juli 2025,11:45 – 12:30,Watergymnastiek,Trefkuil
dinsdag 29 juli 2025,13:00 – 14:30,Recreatief zwemmen 55+,Trefkuil
dinsdag 29 juli 2025,13:00 – 14:30,Recreatief zwemmen 55+,Spaardersbad
dinsdag 29 juli 2025,18:30 – 19:00,Baby- en peuterzwemmen 3 maanden tot 2 jaar,Trefkuil
dinsdag 29 juli 2025,18:30 – 21:30,Banenzwemmen,1/2 Tobbe (buitenbadzijde)
dinsdag 29 juli 2025,19:00 – 19:30,Baby- en peuterzwemmen 2 tot 4 jaar,Trefkuil
dinsdag 29 juli 2025,19:45 – 20:30,Aquajoggen,Trefkuil
woensdag 30 juli 2025,07:00 – 12:00,Banenzwemmen,1/2 Tobbe (horecazijde)
woensdag 30 juli 2025,09:00 – 12:00,Banenzwemmen,Buitenbad
woensdag 30 juli 2025,09:15 – 09:45,"Baby- en peuterzwemmen 3 maanden tot 1,5 jaar",Trefkuil
woensdag 30 juli 2025,09:45 – 10:15,"Baby- en peuterzwemmen 1,5 tot 3 jaar",Trefkuil
woensdag 30 juli 2025,10:00 – 10:45,Aquajoggen,Spaardersbad
woensdag 30 juli 2025,10:30 – 11:00,Baby- en peuterzwemmen 3 tot 4 jaar,Trefkuil
woensdag 30 juli 2025,20:00 – 21:30,Banenzwemmen,1/2 Tobbe (horecazijde)
donderdag 31 juli 2025,10:00 – 10:45,Aquajoggen,Spaardersbad
donderdag 31 juli 2025,13:00 – 14:30,Recreatief zwemmen 55+,Trefkuil
donderdag 31 juli 2025,13:00 – 14:30,Recreatief zwemmen 55+,Spaardersbad
donderdag 31 juli 2025,19:45 – 20:30,Aquajoggen,Spaardersbad
donderdag 31 juli 2025,20:15 – 21:00,Zwanger & Fit,Trefkuil
vrijdag 1 augustus 2025,07:00 – 12:00,Banenzwemmen,1/2 Tobbe (horecazijde)
vrijdag 1 augustus 2025,09:00 – 12:00,Banenzwemmen,Buitenbad
vrijdag 1 augustus 2025,11:00 – 11:45,Watergymnastiek,Trefkuil
zaterdag 2 augustus 2025,09:00 – 11:30,Banenzwemmen,Buitenbad
zaterdag 2 augustus 2025,09:00 – 11:30,Banenzwemmen,1/2 Tobbe (horecazijde)
zondag 3 augustus 2025,09:00 – 11:30,Banenzwemmen,Buitenbad
zondag 3 augustus 2025,09:00 – 11:30,Banenzwemmen,1/2 Tobbe (horecazijde)
zondag 3 augustus 2025,09:15 – 11:30,Zwemles 'Door ouder aan kind',Spaardersbad
zondag 3 augustus 2025,09:15 – 11:30,Zwemles 'Door ouder aan kind',Trefkuil
zondag 3 augustus 2025,12:00 – 14:00,Recreatief zwemmen,Trefkuil
zondag 3 augustus 2025,12:00 – 14:00,Recreatief zwemmen,Spaardersbad
maandag 4 augustus 2025,07:00 – 12:00,Banenzwemmen,1/2 Tobbe (horecazijde)
maandag 4 augustus 2025,08:00 – 09:00,Warm water zwemmen,Trefkuil
maandag 4 augustus 2025,09:00 – 12:00,Banenzwemmen,Buitenbad
maandag 4 augustus 2025,09:15 – 09:45,"Baby- en peuterzwemmen 3 maanden tot 1,5 jaar",Trefkuil
maandag 4 augustus 2025,09:45 – 10:15,"Baby- en peuterzwemmen 1,5 tot 3 jaar",Trefkuil
maandag 4 augustus 2025,10:00 – 10:45,Aquajoggen,Spaardersbad
maandag 4 augustus 2025,10:30 – 11:00,Baby- en peuterzwemmen 3 tot 4 jaar,Trefkuil
maandag 4 augustus 2025,11:00 – 12:00,Zwemmen met een visuele beperking,1/2 Tobbe (horecazijde)
maandag 4 augustus 2025,11:15 – 12:15,Warm water zwemmen,Trefkuil
maandag 4 augustus 2025,18:30 – 22:00,Banenzwemmen,1/2 Tobbe (horecazijde)
maandag 4 augustus 2025,21:00 – 22:00,Warm water zwemmen,Trefkuil
dinsdag 5 augustus 2025,07:00 – 12:00,Banenzwemmen,1/2 Tobbe (horecazijde)
dinsdag 5 augustus 2025,08:00 – 09:00,Warm water zwemmen,Trefkuil
dinsdag 5 augustus 2025,09:30 – 10:15,Aquajoggen,Spaardersbad
dinsdag 5 augustus 2025,11:45 – 12:30,Watergymnastiek,Trefkuil
dinsdag 5 augustus 2025,13:00 – 14:30,Recreatief zwemmen 55+,Trefkuil
dinsdag 5 augustus 2025,13:00 – 14:30,Recreatief zwemmen 55+,Spaardersbad
dinsdag 5 augustus 2025,18:30 – 19:00,Baby- en peuterzwemmen 3 maanden tot 2 jaar,Trefkuil
dinsdag 5 augustus 2025,18:30 – 21:30,Banenzwemmen,1/2 Tobbe (buitenbadzijde)
dinsdag 5 augustus 2025,19:00 – 19:30,Baby- en peuterzwemmen 2 tot 4 jaar,Trefkuil
dinsdag 5 augustus 2025,19:45 – 20:30,Aquajoggen,Trefkuil
woensdag 6 augustus 2025,07:00 – 12:00,Banenzwemmen,1/2 Tobbe (horecazijde)
woensdag 6 augustus 2025,09:00 – 12:00,Banenzwemmen,Buitenbad
woensdag 6 augustus 2025,09:15 – 09:45,"Baby- en peuterzwemmen 3 maanden tot 1,5 jaar",Trefkuil
woensdag 6 augustus 2025,09:45 – 10:15,"Baby- en peuterzwemmen 1,5 tot 3 jaar",Trefkuil
woensdag 6 augustus 2025,10:00 – 10:45,Aquajoggen,Spaardersbad
woensdag 6 augustus 2025,10:30 – 11:00,Baby- en peuterzwemmen 3 tot 4 jaar,Trefkuil
woensdag 6 augustus 2025,20:00 – 21:30,Banenzwemmen,1/2 Tobbe (horecazijde)
donderdag 7 augustus 2025,10:00 – 10:45,Aquajoggen,Spaardersbad
donderdag 7 augustus 2025,13:00 – 14:30,Recreatief zwemmen 55+,Trefkuil
donderdag 7 augustus 2025,13:00 – 14:30,Recreatief zwemmen 55+,Spaardersbad
donderdag 7 augustus 2025,19:45 – 20:30,Aquajoggen,Spaardersbad
donderdag 7 augustus 2025,20:15 – 21:00,Zwanger & Fit,Trefkuil
vrijdag 8 augustus 2025,07:00 – 12:00,Banenzwemmen,1/2 Tobbe (horecazijde)
vrijdag 8 augustus 2025,09:00 – 12:00,Banenzwemmen,Buitenbad
vrijdag 8 augustus 2025,11:00 – 11:45,Watergymnastiek,Trefkuil
zaterdag 9 augustus 2025,09:00 – 11:30,Banenzwemmen,Buitenbad
zaterdag 9 augustus 2025,09:00 – 11:30,Banenzwemmen,1/2 Tobbe (horecazijde)
zondag 10 augustus 2025,09:00 – 11:30,Banenzwemmen,Buitenbad
zondag 10 augustus 2025,09:00 – 11:30,Banenzwemmen,1/2 Tobbe (horecazijde)
zondag 10 augustus 2025,09:15 – 11:30,Zwemles 'Door ouder aan kind',Spaardersbad
zondag 10 augustus 2025,09:15 – 11:30,Zwemles 'Door ouder aan kind',Trefkuil
zondag 10 augustus 2025,12:00 – 14:00,Recreatief zwemmen,Trefkuil
zondag 10 augustus 2025,12:00 – 14:00,Recreatief zwemmen,Spaardersbad
maandag 11 augustus 2025,07:00 – 12:00,Banenzwemmen,1/2 Tobbe (horecazijde)
maandag 11 augustus 2025,08:00 – 09:00,Warm water zwemmen,Trefkuil
maandag 11 augustus 2025,09:00 – 12:00,Banenzwemmen,Buitenbad
maandag 11 augustus 2025,09:15 – 09:45,"Baby- en peuterzwemmen 3 maanden tot 1,5 jaar",Trefkuil
maandag 11 augustus 2025,09:45 – 10:15,"Baby- en peuterzwemmen 1,5 tot 3 jaar",Trefkuil
maandag 11 augustus 2025,10:00 – 10:45,Aquajoggen,Spaardersbad
maandag 11 augustus 2025,10:30 – 11:00,Baby- en peuterzwemmen 3 tot 4 jaar,Trefkuil
maandag 11 augustus 2025,11:00 – 12:00,Zwemmen met een visuele beperking,1/2 Tobbe (horecazijde)
maandag 11 augustus 2025,11:15 – 12:15,Warm water zwemmen,Trefkuil
maandag 11 augustus 2025,18:30 – 22:00,Banenzwemmen,1/2 Tobbe (horecazijde)
maandag 11 augustus 2025,21:00 – 22:00,Warm water zwemmen,Trefkuil
dinsdag 12 augustus 2025,07:00 – 12:00,Banenzwemmen,1/2 Tobbe (horecazijde)
dinsdag 12 augustus 2025,08:00 – 09:00,Warm water zwemmen,Trefkuil
dinsdag 12 augustus 2025,09:30 – 10:15,Aquajoggen,Spaardersbad
dinsdag 12 augustus 2025,11:45 – 12:30,Watergymnastiek,Trefkuil
dinsdag 12 augustus 2025,13:00 – 14:30,Recreatief zwemmen 55+,Trefkuil
dinsdag 12 augustus 2025,13:00 – 14:30,Recreatief zwemmen 55+,Spaardersbad
dinsdag 12 augustus 2025,18:30 – 19:00,Baby- en peuterzwemmen 3 maanden tot 2 jaar,Trefkuil
dinsdag 12 augustus 2025,18:30 – 21:30,Banenzwemmen,1/2 Tobbe (buitenbadzijde)
dinsdag 12 augustus 2025,19:00 – 19:30,Baby- en peuterzwemmen 2 tot 4 jaar,Trefkuil
dinsdag 12 augustus 2025,19:45 – 20:30,Aquajoggen,Trefkuil
woensdag 13 augustus 2025,07:00 – 12:00,Banenzwemmen,1/2 Tobbe (horecazijde)
woensdag 13 augustus 2025,09:00 – 12:00,Banenzwemmen,Buitenbad
woensdag 13 augustus 2025,09:15 – 09:45,"Baby- en peuterzwemmen 3 maanden tot 1,5 jaar",Trefkuil
woensdag 13 augustus 2025,09:45 – 10:15,"Baby- en peuterzwemmen 1,5 tot 3 jaar",Trefkuil
woensdag 13 augustus 2025,10:00 – 10:45,Aquajoggen,Spaardersbad
woensdag 13 augustus 2025,10:30 – 11:00,Baby- en peuterzwemmen 3 tot 4 jaar,Trefkuil
woensdag 13 augustus 2025,20:00 – 21:30,Banenzwemmen,1/2 Tobbe (horecazijde)
donderdag 14 augustus 2025,10:00 – 10:45,Aquajoggen,Spaardersbad
donderdag 14 augustus 2025,13:00 – 14:30,Recreatief zwemmen 55+,Trefkuil
donderdag 14 augustus 2025,13:00 – 14:30,Recreatief zwemmen 55+,Spaardersbad
donderdag 14 augustus 2025,19:45 – 20:30,Aquajoggen,Spaardersbad
donderdag 14 augustus 2025,20:15 – 21:00,Zwanger & Fit,Trefkuil
vrijdag 15 augustus 2025,07:00 – 12:00,Banenzwemmen,1/2 Tobbe (horecazijde)
vrijdag 15 augustus 2025,09:00 – 12:00,Banenzwemmen,Buitenbad
vrijdag 15 augustus 2025,11:00 – 11:45,Watergymnastiek,Trefkuil
zaterdag 16 augustus 2025,09:00 – 11:30,Banenzwemmen,Buitenbad
zaterdag 16 augustus 2025,09:00 – 11:30,Banenzwemmen,1/2 Tobbe (horecazijde)
zondag 17 augustus 2025,09:00 – 11:30,Banenzwemmen,Buitenbad
zondag 17 augustus 2025,09:00 – 11:30,Banenzwemmen,1/2 Tobbe (horecazijde)
zondag 17 augustus 2025,09:15 – 11:30,Zwemles 'Door ouder aan kind',Spaardersbad
zondag 17 augustus 2025,09:15 – 11:30,Zwemles 'Door ouder aan kind',Trefkuil
zondag 17 augustus 2025,12:00 – 14:00,Recreatief zwemmen,Trefkuil
zondag 17 augustus 2025,12:00 – 14:00,Recreatief zwemmen,Spaardersbad
maandag 18 augustus 2025,07:00 – 12:00,Banenzwemmen,1/2 Tobbe (horecazijde)
maandag 18 augustus 2025,08:00 – 09:00,Warm water zwemmen,Trefkuil
maandag 18 augustus 2025,09:00 – 12:00,Banenzwemmen,Buitenbad
maandag 18 augustus 2025,09:15 – 09:45,"Baby- en peuterzwemmen 3 maanden tot 1,5 jaar",Trefkuil
maandag 18 augustus 2025,09:45 – 10:15,"Baby- en peuterzwemmen 1,5 tot 3 jaar",Trefkuil
maandag 18 augustus 2025,10:00 – 10:45,Aquajoggen,Spaardersbad
maandag 18 augustus 2025,10:30 – 11:00,Baby- en peuterzwemmen 3 tot 4 jaar,Trefkuil
maandag 18 augustus 2025,11:00 – 12:00,Zwemmen met een visuele beperking,1/2 Tobbe (horecazijde)
maandag 18 augustus 2025,11:15 – 12:15,Warm water zwemmen,Trefkuil
maandag 18 augustus 2025,18:30 – 22:00,Banenzwemmen,1/2 Tobbe (horecazijde)
maandag 18 augustus 2025,21:00 – 22:00,Warm water zwemmen,Trefkuil
dinsdag 19 augustus 2025,07:00 – 12:00,Banenzwemmen,1/2 Tobbe (horecazijde)
dinsdag 19 augustus 2025,08:00 – 09:00,Warm water zwemmen,Trefkuil
dinsdag 19 augustus 2025,09:30 – 10:15,Aquajoggen,Spaardersbad
dinsdag 19 augustus 2025,11:45 – 12:30,Watergymnastiek,Trefkuil
dinsdag 19 augustus 2025,13:00 – 14:30,Recreatief zwemmen 55+,Trefkuil
dinsdag 19 augustus 2025,13:00 – 14:30,Recreatief zwemmen 55+,Spaardersbad
dinsdag 19 augustus 2025,18:30 – 19:00,Baby- en peuterzwemmen 3 maanden tot 2 jaar,Trefkuil
dinsdag 19 augustus 2025,18:30 – 21:30,Banenzwemmen,1/2 Tobbe (buitenbadzijde)
dinsdag 19 augustus 2025,19:00 – 19:30,Baby- en peuterzwemmen 2 tot 4 jaar,Trefkuil
dinsdag 19 augustus 2025,19:45 – 20:30,Aquajoggen,Trefkuil
woensdag 20 augustus 2025,07:00 – 12:00,Banenzwemmen,1/2 Tobbe (horecazijde)
woensdag 20 augustus 2025,09:00 – 12:00,Banenzwemmen,Buitenbad
woensdag 20 augustus 2025,09:15 – 09:45,"Baby- en peuterzwemmen 3 maanden tot 1,5 jaar",Trefkuil
woensdag 20 augustus 2025,09:45 – 10:15,"Baby- en peuterzwemmen 1,5 tot 3 jaar",Trefkuil
woensdag 20 augustus 2025,10:00 – 10:45,Aquajoggen,Spaardersbad
woensdag 20 augustus 2025,10:30 – 11:00,Baby- en peuterzwemmen 3 tot 4 jaar,Trefkuil
woensdag 20 augustus 2025,20:00 – 21:30,Banenzwemmen,1/2 Tobbe (horecazijde)
donderdag 21 augustus 2025,10:00 – 10:45,Aquajoggen,Spaardersbad
donderdag 21 augustus 2025,13:00 – 14:30,Recreatief zwemmen 55+,Trefkuil
donderdag 21 augustus 2025,13:00 – 14:30,Recreatief zwemmen 55+,Spaardersbad
donderdag 21 augustus 2025,19:45 – 20:30,Aquajoggen,Spaardersbad
donderdag 21 augustus 2025,20:15 – 21:00,Zwanger & Fit,Trefkuil
vrijdag 22 augustus 2025,07:00 – 12:00,Banenzwemmen,1/2 Tobbe (horecazijde)
vrijdag 22 augustus 2025,09:00 – 12:00,Banenzwemmen,Buitenbad
vrijdag 22 augustus 2025,11:00 – 11:45,Watergymnastiek,Trefkuil
zaterdag 23 augustus 2025,09:00 – 11:30,Banenzwemmen,Buitenbad
zaterdag 23 augustus 2025,09:00 – 11:30,Banenzwemmen,1/2 Tobbe (horecazijde)
zondag 24 augustus 2025,09:00 – 11:30,Banenzwemmen,Buitenbad
zondag 24 augustus 2025,09:00 – 11:30,Banenzwemmen,1/2 Tobbe (horecazijde)
zondag 24 augustus 2025,09:15 – 11:30,Zwemles 'Door ouder aan kind',Spaardersbad
zondag 24 augustus 2025,09:15 – 11:30,Zwemles 'Door ouder aan kind',Trefkuil
zondag 24 augustus 2025,12:00 – 14:00,Recreatief zwemmen,Trefkuil
zondag 24 augustus 2025,12:00 – 14:00,Recreatief zwemmen,Spaardersbad
maandag 25 augustus 2025,07:00 – 12:00,Banenzwemmen,1/2 Tobbe (horecazijde)
maandag 25 augustus 2025,08:00 – 09:00,Warm water zwemmen,Trefkuil
maandag 25 augustus 2025,09:00 – 12:00,Banenzwemmen,Buitenbad
maandag 25 augustus 2025,09:15 – 09:45,"Baby- en peuterzwemmen 3 maanden tot 1,5 jaar",Trefkuil
maandag 25 augustus 2025,09:45 – 10:15,"Baby- en peuterzwemmen 1,5 tot 3 jaar",Trefkuil
maandag 25 augustus 2025,10:00 – 10:45,Aquajoggen,Spaardersbad
maandag 25 augustus 2025,10:30 – 11:00,Baby- en peuterzwemmen 3 tot 4 jaar,Trefkuil
maandag 25 augustus 2025,11:00 – 12:00,Zwemmen met een visuele beperking,1/2 Tobbe (horecazijde)
maandag 25 augustus 2025,11:15 – 12:15,Warm water zwemmen,Trefkuil
maandag 25 augustus 2025,18:30 – 22:00,Banenzwemmen,1/2 Tobbe (horecazijde)
maandag 25 augustus 2025,21:00 – 22:00,Warm water zwemmen,Trefkuil
dinsdag 26 augustus 2025,07:00 – 12:00,Banenzwemmen,1/2 Tobbe (horecazijde)
dinsdag 26 augustus 2025,08:00 – 09:00,Warm water zwemmen,Trefkuil
dinsdag 26 augustus 2025,09:30 – 10:15,Aquajoggen,Spaardersbad
dinsdag 26 augustus 2025,11:45 – 12:30,Watergymnastiek,Trefkuil
dinsdag 26 augustus 2025,13:00 – 14:30,Recreatief zwemmen 55+,Trefkuil
dinsdag 26 augustus 2025,13:00 – 14:30,Recreatief zwemmen 55+,Spaardersbad
dinsdag 26 augustus 2025,18:30 – 19:00,Baby- en peuterzwemmen 3 maanden tot 2 jaar,Trefkuil
dinsdag 26 augustus 2025,18:30 – 21:30,Banenzwemmen,1/2 Tobbe (buitenbadzijde)
dinsdag 26 augustus 2025,19:00 – 19:30,Baby- en peuterzwemmen 2 tot 4 jaar,Trefkuil
dinsdag 26 augustus 2025,19:45 – 20:30,Aquajoggen,Trefkuil
woensdag 27 augustus 2025,07:00 – 12:00,Banenzwemmen,1/2 Tobbe (horecazijde)
woensdag 27 augustus 2025,09:00 – 12:00,Banenzwemmen,Buitenbad
woensdag 27 augustus 2025,09:15 – 09:45,"Baby- en peuterzwemmen 3 maanden tot 1,5 jaar",Trefkuil
woensdag 27 augustus 2025,09:45 – 10:15,"Baby- en peuterzwemmen 1,5 tot 3 jaar",Trefkuil
woensdag 27 augustus 2025,10:00 – 10:45,Aquajoggen,Spaardersbad
woensdag 27 augustus 2025,10:30 – 11:00,Baby- en peuterzwemmen 3 tot 4 jaar,Trefkuil
woensdag 27 augustus 2025,20:00 – 21:30,Banenzwemmen,1/2 Tobbe (horecazijde)
donderdag 28 augustus 2025,10:00 – 10:45,Aquajoggen,Spaardersbad
donderdag 28 augustus 2025,13:00 – 14:30,Recreatief zwemmen 55+,Trefkuil
donderdag 28 augustus 2025,13:00 – 14:30,Recreatief zwemmen 55+,Spaardersbad
donderdag 28 augustus 2025,19:45 – 20:30,Aquajoggen,Spaardersbad
donderdag 28 augustus 2025,20:15 – 21:00,Zwanger & Fit,Trefkuil
vrijdag 29 augustus 2025,07:00 – 12:00,Banenzwemmen,1/2 Tobbe (horecazijde)
vrijdag 29 augustus 2025,09:00 – 12:00,Banenzwemmen,Buitenbad
vrijdag 29 augustus 2025,11:00 – 11:45,Watergymnastiek,Trefkuil
zaterdag 30 augustus 2025,09:00 – 11:30,Banenzwemmen,Buitenbad
zaterdag 30 augustus 2025,09:00 – 11:30,Banenzwemmen,1/2 Tobbe (horecazijde)
zondag 31 augustus 2025,09:00 – 11:30,Banenzwemmen,Buitenbad
zondag 31 augustus 2025,09:00 – 11:30,Banenzwemmen,1/2 Tobbe (horecazijde)
zondag 31 augustus 2025,09:15 – 11:30,Zwemles 'Door ouder aan kind',Spaardersbad
zondag 31 augustus 2025,09:15 – 11:30,Zwemles 'Door ouder aan kind',Trefkuil
zondag 31 augustus 2025,12:00 – 14:00,Recreatief zwemmen,Trefkuil
zondag 31 augustus 2025,12:00 – 14:00,Recreatief zwemmen,Spaardersbad
maandag 1 september 2025,07:00 – 12:00,Banenzwemmen,1/2 Tobbe (horecazijde)
maandag 1 september 2025,08:00 – 09:00,Warm water zwemmen,Trefkuil
maandag 1 september 2025,09:15 – 09:45,"Baby- en peuterzwemmen 3 maanden tot 1,5 jaar",Trefkuil
maandag 1 september 2025,09:45 – 10:15,"Baby- en peuterzwemmen 1,5 tot 3 jaar",Trefkuil
maandag 1 september 2025,10:00 – 10:45,Aquajoggen,Spaardersbad
maandag 1 september 2025,10:30 – 11:00,Baby- en peuterzwemmen 3 tot 4 jaar,Trefkuil
maandag 1 september 2025,11:00 – 12:00,Zwemmen met een visuele beperking,1/2 Tobbe (horecazijde)
maandag 1 september 2025,11:15 – 12:15,Warm water zwemmen,Trefkuil
maandag 1 september 2025,13:00 – 13:45,Schoolzwemmen,Trefkuil
maandag 1 september 2025,13:00 – 13:45,Schoolzwemmen,Spaardersbad
maandag 1 september 2025,15:00 – 18:15,Zwemles,Trefkuil
maandag 1 september 2025,15:00 – 18:15,Zwemles,Spaardersbad
maandag 1 september 2025,18:30 – 22:00,Banenzwemmen,1/2 Tobbe (horecazijde)
maandag 1 september 2025,19:20 – 20:05,Zwemles ABC voor volwassenen,Trefkuil
maandag 1 september 2025,20:10 – 20:55,Zwemles ABC voor volwassenen,Trefkuil
maandag 1 september 2025,21:00 – 22:00,Warm water zwemmen,Trefkuil
dinsdag 2 september 2025,07:00 – 12:00,Banenzwemmen,1/2 Tobbe (horecazijde)
dinsdag 2 september 2025,08:00 – 09:00,Warm water zwemmen,Trefkuil
dinsdag 2 september 2025,09:30 – 10:15,Aquajoggen,Spaardersbad
dinsdag 2 september 2025,10:45 – 11:30,Schoolzwemmen,Trefkuil
dinsdag 2 september 2025,10:45 – 11:30,Schoolzwemmen,Spaardersbad
dinsdag 2 september 2025,11:45 – 12:30,Watergymnastiek,Trefkuil
dinsdag 2 september 2025,13:00 – 14:30,Recreatief zwemmen 55+,Trefkuil
